G21         ; Set units to mm
G90         ; Absolute positioning
G1 Z2.54 F2540      ; Move to clearance level

;
; Operation:    0
; Name:         
; Type:         Pocket
; Paths:        3
; Direction:    Conventional
; Cut Depth:    3.175
; Pass Depth:   3.175
; Plunge rate:  127
; Cut rate:     1016
;

; Path 0
; Rapid to initial position
G1 X47.8363 Y-35.5788 F2540
G1 Z0.0000
; plunge
G1 Z-3.1750 F127
; cut
G1 X47.8490 Y-35.5615 F1016
G1 X47.8752 Y-35.5204
G1 X47.8963 Y-35.4787
G1 X47.9146 Y-35.4322
G1 X47.9262 Y-35.3919
G1 X47.9334 Y-35.3581
G1 X47.9364 Y-35.3367
G1 X47.9397 Y-35.2915
G1 X47.9400 Y-35.2537
G1 X47.9534 Y-35.2783
G1 X47.9783 Y-35.3149
G1 X48.0032 Y-35.3459
G1 X48.0113 Y-35.3550
G1 X48.0418 Y-35.3852
G1 X48.0789 Y-35.4167
G1 X48.1145 Y-35.4416
G1 X48.1442 Y-35.4592
G1 X48.1607 Y-35.4675
G1 X48.1891 Y-35.4805
G1 X48.2064 Y-35.4871
G1 X48.2539 Y-35.5029
G1 X48.2859 Y-35.5110
G1 X48.3187 Y-35.5166
G1 X48.2890 Y-35.5216
G1 X48.1769 Y-35.5387
G1 X48.0624 Y-35.5542
G1 X47.9557 Y-35.5666
G1 X47.8445 Y-35.5780
G1 X47.8363 Y-35.5788
G1 X47.8546 Y-35.6977
G1 X47.7365 Y-35.7078
G1 X47.6280 Y-35.7160
G1 X47.6247 Y-35.7157
G1 X47.5033 Y-35.7226
G1 X47.3870 Y-35.7276
G1 X47.2686 Y-35.7312
G1 X47.1592 Y-35.7330
G1 X47.1538 Y-35.7327
G1 X47.0309 Y-35.7332
G1 X46.9044 Y-35.7322
G1 X46.9006 Y-35.7325
G1 X46.7881 Y-35.7299
G1 X46.6684 Y-35.7259
G1 X46.5483 Y-35.7203
G1 X46.4302 Y-35.7132
G1 X46.4302 Y-35.7134
G1 X46.3187 Y-35.7053
G1 X46.3159 Y-35.7048
G1 X46.1975 Y-35.6941
G1 X46.1447 Y-35.6888
G1 X46.1526 Y-35.6819
G1 X46.1749 Y-35.6586
G1 X46.1996 Y-35.6276
G1 X46.2189 Y-35.5976
G1 X46.2361 Y-35.5646
G1 X46.2458 Y-35.5412
G1 X46.2656 Y-35.5620
G1 X46.3062 Y-35.5984
G1 X46.3370 Y-35.6217
G1 X46.3662 Y-35.6398
G1 X46.4015 Y-35.6570
G1 X46.4348 Y-35.6695
G1 X46.4734 Y-35.6801
G1 X46.4924 Y-35.6840
G1 X46.5833 Y-35.6982
G1 X46.6242 Y-35.7007
G1 X46.7764 Y-35.7015
G1 X47.0032 Y-35.6934
G1 X47.1780 Y-35.6834
G1 X47.3293 Y-35.6735
G1 X47.4546 Y-35.6616
G1 X47.5150 Y-35.6512
G1 X47.5417 Y-35.6443
G1 X47.5534 Y-35.6405
G1 X47.5828 Y-35.6291
G1 X47.6176 Y-35.6126
G1 X47.6466 Y-35.5951
G1 X47.6776 Y-35.5724
G1 X47.7025 Y-35.5501
G1 X47.7291 Y-35.5216
G1 X47.7484 Y-35.4962
G1 X47.7690 Y-35.4645
G1 X47.7850 Y-35.4340
G1 X47.7995 Y-35.3979
G1 X47.8089 Y-35.3665
G1 X47.8147 Y-35.3395
G1 X47.8168 Y-35.3266
G1 X47.8198 Y-35.2908
G1 X47.8201 Y-35.2514
G1 X47.8191 Y-35.2290
G1 X47.8127 Y-35.1742
G1 X47.8086 Y-35.1483
G1 X47.7843 Y-35.0317
G1 X47.7469 Y-34.8694
G1 X47.7329 Y-34.8127
G1 X47.7573 Y-34.8249
G1 X47.7919 Y-34.8386
G1 X47.8229 Y-34.8480
G1 X47.8498 Y-34.8539
G1 X47.8620 Y-34.8559
G1 X47.8960 Y-34.8590
G1 X47.9331 Y-34.8595
G1 X47.9659 Y-34.8569
G1 X48.0050 Y-34.8501
G1 X48.0271 Y-34.8437
G1 X48.0266 Y-34.8447
G1 X48.0129 Y-34.8808
G1 X48.0042 Y-34.9120
G1 X47.9971 Y-34.9494
G1 X47.9943 Y-34.9811
G1 X47.9941 Y-35.0202
G1 X47.9974 Y-35.0556
G1 X48.0042 Y-35.0924
G1 X48.0121 Y-35.1201
G1 X48.0235 Y-35.1516
G1 X48.0357 Y-35.1787
G1 X48.0538 Y-35.2123
G1 X48.0718 Y-35.2397
G1 X48.0967 Y-35.2707
G1 X48.1203 Y-35.2946
G1 X48.1485 Y-35.3190
G1 X48.1759 Y-35.3385
G1 X48.1998 Y-35.3527
G1 X48.2110 Y-35.3586
G1 X48.2336 Y-35.3690
G1 X48.2450 Y-35.3736
G1 X48.2839 Y-35.3868
G1 X48.3075 Y-35.3929
G1 X48.3423 Y-35.3992
G1 X48.3812 Y-35.4033
G1 X48.4162 Y-35.4035
G1 X48.4685 Y-35.3987
G1 X48.5153 Y-35.3903
G1 X48.5440 Y-35.3830
G1 X48.6133 Y-35.3626
G1 X48.6994 Y-35.3329
G1 X48.8132 Y-35.2913
G1 X48.9608 Y-35.2354
G1 X49.1495 Y-35.1633
G1 X49.3253 Y-35.0952
G1 X49.5000 Y-35.0251
G1 X49.6733 Y-34.9540
G1 X49.8460 Y-34.8813
G1 X50.0174 Y-34.8071
G1 X50.1886 Y-34.7317
G1 X50.3575 Y-34.6547
G1 X50.5257 Y-34.5768
G1 X50.6933 Y-34.4968
G1 X50.8587 Y-34.4160
G1 X51.0235 Y-34.3337
G1 X51.1729 Y-34.2572
G1 X51.1711 Y-34.2633
G1 X51.1637 Y-34.3022
G1 X51.1609 Y-34.3344
G1 X51.1607 Y-34.3728
G1 X51.1635 Y-34.4063
G1 X51.1703 Y-34.4444
G1 X51.1797 Y-34.4777
G1 X51.1932 Y-34.5128
G1 X51.2021 Y-34.5328
G1 X51.2155 Y-34.5577
G1 X51.2366 Y-34.5905
G1 X51.2559 Y-34.6151
G1 X51.2829 Y-34.6441
G1 X51.3090 Y-34.6672
G1 X51.3400 Y-34.6898
G1 X51.3636 Y-34.7040
G1 X51.2074 Y-34.7645
G1 X51.0197 Y-34.8364
G1 X50.8371 Y-34.9052
G1 X50.8371 Y-34.9049
G1 X50.6570 Y-34.9722
G1 X50.4906 Y-35.0324
G1 X50.3240 Y-35.0919
G1 X50.1645 Y-35.1475
G1 X50.0131 Y-35.1991
G1 X50.0103 Y-35.1996
G1 X49.8549 Y-35.2514
G1 X49.8549 Y-35.2511
G1 X49.7108 Y-35.2971
G1 X49.5734 Y-35.3398
G1 X49.5706 Y-35.3403
G1 X49.4297 Y-35.3822
G1 X49.4264 Y-35.3835
G1 X49.3042 Y-35.4183
G1 X49.2966 Y-35.4198
G1 X49.1602 Y-35.4571
G1 X49.1587 Y-35.4576
G1 X49.0355 Y-35.4894
G1 X48.9095 Y-35.5201
G1 X48.7827 Y-35.5491
G1 X48.6603 Y-35.5757
G1 X48.6573 Y-35.5768
G1 X48.5526 Y-35.5973
G1 X48.5473 Y-35.5981
G1 X48.4236 Y-35.6207
G1 X48.3090 Y-35.6400
G1 X48.1932 Y-35.6575
G1 X48.0792 Y-35.6730
G1 X47.9679 Y-35.6860
G1 X47.8546 Y-35.6977
G1 X47.8648 Y-35.8173
G1 X47.7467 Y-35.8275
G1 X47.6316 Y-35.8358
G1 X47.6316 Y-35.8356
G1 X47.5102 Y-35.8424
G1 X47.3921 Y-35.8475
G1 X47.2722 Y-35.8511
G1 X47.1574 Y-35.8529
G1 X47.1543 Y-35.8526
G1 X47.0304 Y-35.8531
G1 X46.9034 Y-35.8521
G1 X46.9014 Y-35.8524
G1 X46.7840 Y-35.8498
G1 X46.6628 Y-35.8458
G1 X46.5412 Y-35.8402
G1 X46.4231 Y-35.8331
G1 X46.3052 Y-35.8247
G1 X46.3052 Y-35.8244
G1 X46.1869 Y-35.8137
G1 X46.0731 Y-35.8021
G1 X45.9560 Y-35.7878
G1 X45.8412 Y-35.7721
G1 X45.7192 Y-35.7533
G1 X45.7170 Y-35.7533
G1 X45.6062 Y-35.7345
G1 X45.6049 Y-35.7342
G1 X45.4810 Y-35.7111
G1 X45.3606 Y-35.6870
G1 X45.2379 Y-35.6606
G1 X45.1127 Y-35.6316
G1 X45.1127 Y-35.6314
G1 X44.9847 Y-35.5996
G1 X44.9847 Y-35.5999
G1 X44.8518 Y-35.5653
G1 X44.8511 Y-35.5653
G1 X44.7220 Y-35.5298
G1 X44.7215 Y-35.5295
G1 X44.5828 Y-35.4896
G1 X44.4409 Y-35.4472
G1 X44.2973 Y-35.4028
G1 X44.1521 Y-35.3563
G1 X44.1498 Y-35.3553
G1 X43.9943 Y-35.3040
G1 X43.8374 Y-35.2504
G1 X43.6748 Y-35.1937
G1 X43.5064 Y-35.1335
G1 X43.3337 Y-35.0705
G1 X43.1536 Y-35.0037
G1 X42.9679 Y-34.9339
G1 X42.7766 Y-34.8605
G1 X42.3987 Y-34.7144
G1 X42.2247 Y-34.6486
G1 X42.0560 Y-34.5854
G1 X41.8922 Y-34.5257
G1 X41.7342 Y-34.4693
G1 X41.5803 Y-34.4155
G1 X41.4312 Y-34.3647
G1 X41.2869 Y-34.3172
G1 X41.1477 Y-34.2730
G1 X41.0124 Y-34.2311
G1 X40.8810 Y-34.1922
G1 X40.7546 Y-34.1566
G1 X40.6319 Y-34.1236
G1 X40.5135 Y-34.0937
G1 X40.3982 Y-34.0657
G1 X40.2806 Y-34.0403
G1 X40.0825 Y-34.0053
G1 X39.8610 Y-33.9778
G1 X39.6230 Y-33.9570
G1 X39.3761 Y-33.9435
G1 X39.1295 Y-33.9374
G1 X38.8910 Y-33.9392
G1 X38.6679 Y-33.9499
G1 X38.4713 Y-33.9697
G1 X38.3045 Y-33.9966
G1 X38.1345 Y-34.0312
G1 X37.9611 Y-34.0731
G1 X37.7850 Y-34.1229
G1 X37.6072 Y-34.1795
G1 X37.4261 Y-34.2430
G1 X37.2435 Y-34.3134
G1 X37.0589 Y-34.3906
G1 X36.8742 Y-34.4742
G1 X36.6880 Y-34.5641
G1 X36.5008 Y-34.6598
G1 X36.3139 Y-34.7619
G1 X36.1269 Y-34.8694
G1 X35.9410 Y-34.9827
G1 X35.7553 Y-35.1015
G1 X35.5712 Y-35.2257
G1 X35.4157 Y-35.3360
G1 X35.2633 Y-35.4493
G1 X35.1130 Y-35.5658
G1 X34.9654 Y-35.6860
G1 X34.8201 Y-35.8097
G1 X34.6776 Y-35.9367
G1 X34.5379 Y-36.0667
G1 X34.4000 Y-36.2008
G1 X34.2656 Y-36.3377
G1 X34.1328 Y-36.4782
G1 X34.0035 Y-36.6217
G1 X33.8765 Y-36.7685
G1 X33.7525 Y-36.9184
G1 X33.6306 Y-37.0718
G1 X33.5112 Y-37.2288
G1 X33.3954 Y-37.3883
G1 X33.2814 Y-37.5516
G1 X33.1706 Y-37.7175
G1 X33.0619 Y-37.8869
G1 X32.9562 Y-38.0596
G1 X32.8536 Y-38.2351
G1 X32.7536 Y-38.4137
G1 X32.6560 Y-38.5953
G1 X32.5610 Y-38.7802
G1 X32.4688 Y-38.9682
G1 X32.3797 Y-39.1589
G1 X32.2928 Y-39.3530
G1 X32.2090 Y-39.5498
G1 X32.1277 Y-39.7500
G1 X32.0495 Y-39.9529
G1 X31.9735 Y-40.1592
G1 X31.9011 Y-40.3667
G1 X31.8630 Y-40.4802
G1 X31.8262 Y-40.5948
G1 X31.7901 Y-40.7106
G1 X31.7543 Y-40.8282
G1 X31.7198 Y-40.9468
G1 X31.6862 Y-41.0662
G1 X31.6525 Y-41.1884
G1 X31.6202 Y-41.3108
G1 X31.5887 Y-41.4345
G1 X31.5582 Y-41.5587
G1 X31.5277 Y-41.6852
G1 X31.4985 Y-41.8125
G1 X31.4703 Y-41.9402
G1 X31.4427 Y-42.0688
G1 X31.4157 Y-42.1991
G1 X31.3896 Y-42.3299
G1 X31.3642 Y-42.4617
G1 X31.3403 Y-42.5935
G1 X31.3164 Y-42.7264
G1 X31.2936 Y-42.8605
G1 X31.2717 Y-42.9943
G1 X31.2504 Y-43.1297
G1 X31.2298 Y-43.2656
G1 X31.2108 Y-43.4010
G1 X31.1917 Y-43.5379
G1 X31.1742 Y-43.6740
G1 X31.1569 Y-43.8125
G1 X31.1409 Y-43.9494
G1 X31.1257 Y-44.0873
G1 X31.1112 Y-44.2255
G1 X31.0977 Y-44.3636
G1 X31.0848 Y-44.5023
G1 X31.0728 Y-44.6410
G1 X31.0619 Y-44.7797
G1 X31.0520 Y-44.9184
G1 X31.0426 Y-45.0563
G1 X31.0340 Y-45.1955
G1 X31.0266 Y-45.3334
G1 X31.0200 Y-45.4721
G1 X31.0144 Y-45.6095
G1 X31.0096 Y-45.7477
G1 X31.0058 Y-45.8848
G1 X31.0027 Y-46.0220
G1 X31.0004 Y-46.1587
G1 X30.9992 Y-46.2951
G1 X30.9989 Y-46.4309
G1 X30.9997 Y-46.5661
G1 X31.0015 Y-46.7004
G1 X31.0040 Y-46.8343
G1 X31.0073 Y-46.9679
G1 X31.0116 Y-47.1005
G1 X31.0170 Y-47.2321
G1 X31.0231 Y-47.3636
G1 X31.0307 Y-47.4939
G1 X31.0388 Y-47.6227
G1 X31.0477 Y-47.7523
G1 X31.0581 Y-47.8787
G1 X31.0693 Y-48.0055
G1 X31.0815 Y-48.1300
G1 X31.0944 Y-48.2554
G1 X31.1087 Y-48.3779
G1 X31.1239 Y-48.4998
G1 X31.1396 Y-48.6207
G1 X31.1569 Y-48.7406
G1 X31.1884 Y-48.9410
G1 X31.2219 Y-49.1424
G1 X31.2583 Y-49.3433
G1 X31.2969 Y-49.5452
G1 X31.3383 Y-49.7464
G1 X31.3817 Y-49.9483
G1 X31.4282 Y-50.1503
G1 X31.4767 Y-50.3512
G1 X31.5275 Y-50.5534
G1 X31.5806 Y-50.7543
G1 X31.6360 Y-50.9557
G1 X31.6936 Y-51.1564
G1 X31.7538 Y-51.3570
G1 X31.8158 Y-51.5574
G1 X31.8803 Y-51.7568
G1 X31.9463 Y-51.9560
G1 X32.0149 Y-52.1546
G1 X32.0855 Y-52.3527
G1 X32.1579 Y-52.5501
G1 X32.2326 Y-52.7464
G1 X32.3091 Y-52.9417
G1 X32.3873 Y-53.1368
G1 X32.4675 Y-53.3306
G1 X32.5496 Y-53.5239
G1 X32.6337 Y-53.7157
G1 X32.7195 Y-53.9059
G1 X32.8069 Y-54.0956
G1 X32.8960 Y-54.2841
G1 X32.9870 Y-54.4708
G1 X33.0794 Y-54.6565
G1 X33.1739 Y-54.8411
G1 X33.2699 Y-55.0233
G1 X33.3672 Y-55.2049
G1 X33.4660 Y-55.3842
G1 X33.5666 Y-55.5622
G1 X33.6685 Y-55.7388
G1 X33.7718 Y-55.9135
G1 X33.8770 Y-56.0860
G1 X33.9829 Y-56.2562
G1 X34.0904 Y-56.4253
G1 X34.1993 Y-56.5922
G1 X34.3096 Y-56.7568
G1 X34.4213 Y-56.9196
G1 X34.5338 Y-57.0796
G1 X34.6479 Y-57.2379
G1 X34.7629 Y-57.3941
G1 X34.8793 Y-57.5473
G1 X34.9966 Y-57.6984
G1 X35.1150 Y-57.8467
G1 X35.2346 Y-57.9933
G1 X35.3550 Y-58.1360
G1 X35.4767 Y-58.2767
G1 X35.5991 Y-58.4147
G1 X35.7226 Y-58.5495
G1 X35.8475 Y-58.6829
G1 X35.9727 Y-58.8114
G1 X36.0990 Y-58.9379
G1 X36.2257 Y-59.0611
G1 X36.3537 Y-59.1815
G1 X36.4825 Y-59.2988
G1 X36.6121 Y-59.4124
G1 X36.7424 Y-59.5229
G1 X36.8732 Y-59.6303
G1 X37.0055 Y-59.7347
G1 X37.1699 Y-59.8581
G1 X37.3344 Y-59.9757
G1 X37.4988 Y-60.0867
G1 X37.6634 Y-60.1916
G1 X37.8287 Y-60.2905
G1 X37.9941 Y-60.3824
G1 X38.1592 Y-60.4677
G1 X38.3250 Y-60.5475
G1 X38.4914 Y-60.6201
G1 X38.6588 Y-60.6875
G1 X38.8262 Y-60.7474
G1 X38.9943 Y-60.8015
G1 X39.1635 Y-60.8493
G1 X39.3327 Y-60.8904
G1 X39.5033 Y-60.9255
G1 X39.6705 Y-60.9534
G1 X39.7337 Y-60.9628
G1 X39.7965 Y-60.9707
G1 X39.8620 Y-60.9778
G1 X39.9298 Y-60.9844
G1 X40.0009 Y-60.9900
G1 X40.0764 Y-60.9953
G1 X40.1571 Y-60.9996
G1 X40.2415 Y-61.0032
G1 X40.3344 Y-61.0065
G1 X40.5381 Y-61.0113
G1 X40.6537 Y-61.0133
G1 X40.9113 Y-61.0156
G1 X41.0571 Y-61.0164
G1 X41.3929 Y-61.0166
G1 X41.6987 Y-61.0159
G1 X41.8272 Y-61.0146
G1 X41.9428 Y-61.0131
G1 X42.0472 Y-61.0111
G1 X42.1414 Y-61.0083
G1 X42.2270 Y-61.0047
G1 X42.3062 Y-60.9999
G1 X42.3791 Y-60.9940
G1 X42.4492 Y-60.9872
G1 X42.5168 Y-60.9791
G1 X42.5806 Y-60.9697
G1 X42.6458 Y-60.9592
G1 X42.7109 Y-60.9476
G1 X42.7787 Y-60.9349
G1 X42.8722 Y-60.9166
G1 X42.9644 Y-60.8968
G1 X43.0583 Y-60.8757
G1 X43.1543 Y-60.8528
G1 X43.2534 Y-60.8279
G1 X43.3540 Y-60.8012
G1 X43.4591 Y-60.7723
G1 X43.5676 Y-60.7408
G1 X43.6824 Y-60.7070
G1 X43.8015 Y-60.6704
G1 X43.9273 Y-60.6311
G1 X44.0596 Y-60.5884
G1 X44.1998 Y-60.5424
G1 X44.5038 Y-60.4403
G1 X44.6689 Y-60.3837
G1 X44.6717 Y-60.3824
G1 X44.8666 Y-60.3164
G1 X45.0538 Y-60.2552
G1 X45.2267 Y-60.2008
G1 X45.3921 Y-60.1515
G1 X45.5432 Y-60.1096
G1 X45.6918 Y-60.0718
G1 X45.6918 Y-60.0715
G1 X45.8246 Y-60.0410
G1 X45.9605 Y-60.0136
G1 X45.9605 Y-60.0138
G1 X46.1013 Y-59.9895
G1 X46.1013 Y-59.9892
G1 X46.2247 Y-59.9712
G1 X46.2260 Y-59.9712
G1 X46.3636 Y-59.9552
G1 X46.3636 Y-59.9554
G1 X46.5005 Y-59.9432
G1 X46.6402 Y-59.9346
G1 X46.7909 Y-59.9283
G1 X46.9389 Y-59.9247
G1 X46.9415 Y-59.9249
G1 X47.1076 Y-59.9237
G1 X47.2712 Y-59.9255
G1 X47.2722 Y-59.9255
G1 X47.4200 Y-59.9308
G1 X47.5780 Y-59.9399
G1 X47.5795 Y-59.9399
G1 X47.7220 Y-59.9521
G1 X47.7220 Y-59.9519
G1 X47.8645 Y-59.9679
G1 X47.8645 Y-59.9681
G1 X48.0172 Y-59.9900
G1 X48.1579 Y-60.0138
G1 X48.3070 Y-60.0438
G1 X48.4487 Y-60.0766
G1 X48.5943 Y-60.1144
G1 X48.5955 Y-60.1149
G1 X48.7540 Y-60.1604
G1 X48.7545 Y-60.1604
G1 X48.9062 Y-60.2084
G1 X48.9062 Y-60.2082
G1 X49.0675 Y-60.2630
G1 X49.2310 Y-60.3222
G1 X49.4058 Y-60.3893
G1 X49.5864 Y-60.4619
G1 X49.8033 Y-60.5498
G1 X50.0098 Y-60.6316
G1 X50.2077 Y-60.7075
G1 X50.3956 Y-60.7769
G1 X50.5765 Y-60.8411
G1 X50.7510 Y-60.9003
G1 X50.9191 Y-60.9539
G1 X51.0822 Y-61.0024
G1 X51.2409 Y-61.0464
G1 X51.3964 Y-61.0857
G1 X51.5488 Y-61.1210
G1 X51.7002 Y-61.1523
G1 X51.8498 Y-61.1795
G1 X51.9986 Y-61.2028
G1 X52.1485 Y-61.2231
G1 X52.3024 Y-61.2407
G1 X52.3987 Y-61.2485
G1 X52.5089 Y-61.2544
G1 X52.6311 Y-61.2587
G1 X52.7647 Y-61.2618
G1 X52.9064 Y-61.2630
G1 X53.0550 Y-61.2628
G1 X53.2084 Y-61.2610
G1 X53.3644 Y-61.2579
G1 X53.5216 Y-61.2536
G1 X53.6773 Y-61.2480
G1 X53.8302 Y-61.2414
G1 X53.9780 Y-61.2330
G1 X54.1185 Y-61.2239
G1 X54.2506 Y-61.2135
G1 X54.3723 Y-61.2018
G1 X54.4820 Y-61.1886
G1 X54.7124 Y-61.1543
G1 X54.9382 Y-61.1134
G1 X55.1589 Y-61.0657
G1 X55.3756 Y-61.0105
G1 X55.5882 Y-60.9483
G1 X55.7974 Y-60.8787
G1 X56.0037 Y-60.8015
G1 X56.2072 Y-60.7162
G1 X56.4081 Y-60.6227
G1 X56.6082 Y-60.5208
G1 X56.8056 Y-60.4109
G1 X57.0024 Y-60.2925
G1 X57.1993 Y-60.1655
G1 X57.3956 Y-60.0293
G1 X57.5922 Y-59.8846
G1 X57.7903 Y-59.7306
G1 X57.9298 Y-59.6166
G1 X58.0677 Y-59.4985
G1 X58.2056 Y-59.3761
G1 X58.3415 Y-59.2496
G1 X58.4769 Y-59.1190
G1 X58.6108 Y-58.9846
G1 X58.7433 Y-58.8465
G1 X58.8749 Y-58.7047
G1 X59.0050 Y-58.5592
G1 X59.1345 Y-58.4098
G1 X59.2620 Y-58.2569
G1 X59.3888 Y-58.1005
G1 X59.5137 Y-57.9410
G1 X59.6374 Y-57.7781
G1 X59.7604 Y-57.6115
G1 X59.8810 Y-57.4421
G1 X60.0006 Y-57.2699
G1 X60.1193 Y-57.0939
G1 X60.2353 Y-56.9158
G1 X60.3509 Y-56.7339
G1 X60.4644 Y-56.5498
G1 X60.5770 Y-56.3621
G1 X60.6869 Y-56.1724
G1 X60.7957 Y-55.9803
G1 X60.9034 Y-55.7847
G1 X61.0085 Y-55.5876
G1 X61.1127 Y-55.3875
G1 X61.2145 Y-55.1853
G1 X61.3148 Y-54.9806
G1 X61.4136 Y-54.7741
G1 X61.5104 Y-54.5650
G1 X61.6052 Y-54.3542
G1 X61.6984 Y-54.1409
G1 X61.7893 Y-53.9262
G1 X61.8787 Y-53.7093
G1 X61.9658 Y-53.4906
G1 X62.0507 Y-53.2707
G1 X62.1340 Y-53.0484
G1 X62.2150 Y-52.8254
G1 X62.2940 Y-52.6001
G1 X62.3710 Y-52.3735
G1 X62.4454 Y-52.1462
G1 X62.5183 Y-51.9166
G1 X62.5884 Y-51.6865
G1 X62.6565 Y-51.4551
G1 X62.7223 Y-51.2221
G1 X62.7855 Y-50.9885
G1 X62.8470 Y-50.7538
G1 X62.9054 Y-50.5186
G1 X62.9618 Y-50.2823
G1 X63.0156 Y-50.0454
G1 X63.0669 Y-49.8076
G1 X63.1160 Y-49.5694
G1 X63.1622 Y-49.3309
G1 X63.2061 Y-49.0913
G1 X63.2470 Y-48.8518
G1 X63.2856 Y-48.6118
G1 X63.3214 Y-48.3718
G1 X63.3547 Y-48.1312
G1 X63.3849 Y-47.8909
G1 X63.4126 Y-47.6504
G1 X63.4375 Y-47.4096
G1 X63.4596 Y-47.1691
G1 X63.4787 Y-46.9278
G1 X63.4870 Y-46.7977
G1 X63.4936 Y-46.6474
G1 X63.4995 Y-46.4769
G1 X63.5041 Y-46.2905
G1 X63.5079 Y-46.0898
G1 X63.5104 Y-45.8782
G1 X63.5119 Y-45.6590
G1 X63.5124 Y-45.4348
G1 X63.5119 Y-45.2077
G1 X63.5102 Y-44.9821
G1 X63.5074 Y-44.7599
G1 X63.5036 Y-44.5442
G1 X63.4987 Y-44.3382
G1 X63.4931 Y-44.1439
G1 X63.4863 Y-43.9651
G1 X63.4784 Y-43.8043
G1 X63.4688 Y-43.6494
G1 X63.4589 Y-43.4952
G1 X63.4482 Y-43.3431
G1 X63.4368 Y-43.1922
G1 X63.4243 Y-43.0428
G1 X63.4108 Y-42.8955
G1 X63.3971 Y-42.7495
G1 X63.3824 Y-42.6049
G1 X63.3669 Y-42.4617
G1 X63.3506 Y-42.3200
G1 X63.3334 Y-42.1795
G1 X63.3153 Y-42.0413
G1 X63.2971 Y-41.9034
G1 X63.2772 Y-41.7675
G1 X63.2569 Y-41.6329
G1 X63.2356 Y-41.5003
G1 X63.2135 Y-41.3685
G1 X63.1906 Y-41.2379
G1 X63.1668 Y-41.1091
G1 X63.1421 Y-40.9811
G1 X63.1165 Y-40.8546
G1 X63.0900 Y-40.7299
G1 X63.0631 Y-40.6062
G1 X63.0347 Y-40.4833
G1 X63.0060 Y-40.3629
G1 X62.9760 Y-40.2420
G1 X62.9450 Y-40.1234
G1 X62.9133 Y-40.0058
G1 X62.8805 Y-39.8894
G1 X62.8470 Y-39.7749
G1 X62.8127 Y-39.6606
G1 X62.7774 Y-39.5481
G1 X62.7410 Y-39.4360
G1 X62.7037 Y-39.3258
G1 X62.6654 Y-39.2163
G1 X62.6265 Y-39.1091
G1 X62.5866 Y-39.0012
G1 X62.5452 Y-38.8950
G1 X62.5031 Y-38.7901
G1 X62.4604 Y-38.6870
G1 X62.4164 Y-38.5841
G1 X62.3715 Y-38.4818
G1 X62.3252 Y-38.3814
G1 X62.2785 Y-38.2821
G1 X62.2308 Y-38.1836
G1 X62.1820 Y-38.0860
G1 X62.1322 Y-37.9895
G1 X62.0812 Y-37.8935
G1 X62.0291 Y-37.7988
G1 X61.9763 Y-37.7050
G1 X61.9222 Y-37.6123
G1 X61.8675 Y-37.5211
G1 X61.8114 Y-37.4297
G1 X61.7545 Y-37.3400
G1 X61.6966 Y-37.2511
G1 X61.6377 Y-37.1627
G1 X61.5772 Y-37.0754
G1 X61.5165 Y-36.9895
G1 X61.4543 Y-36.9037
G1 X61.3910 Y-36.8188
G1 X61.3268 Y-36.7347
G1 X61.2615 Y-36.6519
G1 X61.1955 Y-36.5702
G1 X61.1274 Y-36.4874
G1 X61.0370 Y-36.3822
G1 X60.9437 Y-36.2770
G1 X60.8490 Y-36.1752
G1 X60.7515 Y-36.0738
G1 X60.6519 Y-35.9745
G1 X60.5498 Y-35.8765
G1 X60.4462 Y-35.7807
G1 X60.3397 Y-35.6860
G1 X60.2320 Y-35.5940
G1 X60.1215 Y-35.5026
G1 X60.0093 Y-35.4137
G1 X59.8947 Y-35.3258
G1 X59.7781 Y-35.2402
G1 X59.6598 Y-35.1566
G1 X59.5394 Y-35.0744
G1 X59.4175 Y-34.9943
G1 X59.2927 Y-34.9153
G1 X59.1673 Y-34.8391
G1 X59.0387 Y-34.7640
G1 X58.9092 Y-34.6913
G1 X58.7771 Y-34.6202
G1 X58.6443 Y-34.5511
G1 X58.5089 Y-34.4835
G1 X58.3720 Y-34.4183
G1 X58.2333 Y-34.3545
G1 X58.0931 Y-34.2933
G1 X57.9509 Y-34.2334
G1 X57.8071 Y-34.1754
G1 X57.6618 Y-34.1198
G1 X57.5153 Y-34.0665
G1 X57.3667 Y-34.0147
G1 X57.2143 Y-33.9639
G1 X57.0090 Y-33.9014
G1 X56.8084 Y-33.8483
G1 X56.6110 Y-33.8049
G1 X56.4139 Y-33.7701
G1 X56.2153 Y-33.7444
G1 X56.0118 Y-33.7266
G1 X55.8028 Y-33.7170
G1 X55.5856 Y-33.7139
G1 X55.4858 Y-33.7149
G1 X55.3860 Y-33.7172
G1 X55.2869 Y-33.7210
G1 X55.1878 Y-33.7269
G1 X55.0880 Y-33.7340
G1 X54.9877 Y-33.7431
G1 X54.8869 Y-33.7541
G1 X54.7853 Y-33.7670
G1 X54.6829 Y-33.7820
G1 X54.5785 Y-33.7988
G1 X54.4723 Y-33.8176
G1 X54.3651 Y-33.8386
G1 X54.2554 Y-33.8618
G1 X54.1439 Y-33.8874
G1 X54.0286 Y-33.9153
G1 X53.9125 Y-33.9456
G1 X53.7919 Y-33.9781
G1 X53.6682 Y-34.0131
G1 X53.5409 Y-34.0507
G1 X53.4101 Y-34.0911
G1 X53.2752 Y-34.1340
G1 X53.1360 Y-34.1795
G1 X52.9918 Y-34.2280
G1 X52.8432 Y-34.2793
G1 X52.6895 Y-34.3334
G1 X52.5297 Y-34.3906
G1 X52.3649 Y-34.4510
G1 X52.1934 Y-34.5145
G1 X52.0159 Y-34.5816
G1 X51.6420 Y-34.7246
G1 X51.2503 Y-34.8765
G1 X51.0619 Y-34.9486
G1 X50.8790 Y-35.0175
G1 X50.7007 Y-35.0838
G1 X50.6979 Y-35.0850
G1 X50.5310 Y-35.1455
G1 X50.3644 Y-35.2049
G1 X50.2031 Y-35.2610
G1 X50.0479 Y-35.3139
G1 X50.0479 Y-35.3136
G1 X49.8937 Y-35.3644
G1 X49.8914 Y-35.3654
G1 X49.7474 Y-35.4114
G1 X49.6049 Y-35.4556
G1 X49.6049 Y-35.4554
G1 X49.4640 Y-35.4973
G1 X49.4640 Y-35.4975
G1 X49.3324 Y-35.5349
G1 X49.3283 Y-35.5356
G1 X49.1919 Y-35.5730
G1 X49.1919 Y-35.5732
G1 X49.0654 Y-35.6057
G1 X48.9361 Y-35.6372
G1 X48.8094 Y-35.6662
G1 X48.6857 Y-35.6931
G1 X48.6857 Y-35.6934
G1 X48.5689 Y-35.7165
G1 X48.5689 Y-35.7162
G1 X48.4452 Y-35.7388
G1 X48.3288 Y-35.7584
G1 X48.2112 Y-35.7762
G1 X48.0944 Y-35.7919
G1 X47.9803 Y-35.8054
G1 X47.8648 Y-35.8173
G1 X47.8749 Y-35.9369
G1 X47.7568 Y-35.9471
G1 X47.6385 Y-35.9555
G1 X47.5170 Y-35.9623
G1 X47.3972 Y-35.9674
G1 X47.2758 Y-35.9710
G1 X47.1548 Y-35.9727
G1 X47.1548 Y-35.9725
G1 X47.0299 Y-35.9730
G1 X46.9024 Y-35.9720
G1 X46.9024 Y-35.9722
G1 X46.7799 Y-35.9697
G1 X46.6575 Y-35.9656
G1 X46.5341 Y-35.9601
G1 X46.4160 Y-35.9529
G1 X46.2945 Y-35.9440
G1 X46.1762 Y-35.9334
G1 X46.0606 Y-35.9214
G1 X45.9415 Y-35.9070
G1 X45.8229 Y-35.8907
G1 X45.7009 Y-35.8719
G1 X45.7009 Y-35.8722
G1 X45.5828 Y-35.8524
G1 X45.5828 Y-35.8521
G1 X45.4589 Y-35.8290
G1 X45.3354 Y-35.8043
G1 X45.2128 Y-35.7779
G1 X45.0837 Y-35.7480
G1 X44.9557 Y-35.7162
G1 X44.8216 Y-35.6814
G1 X44.8216 Y-35.6817
G1 X44.6885 Y-35.6451
G1 X44.6885 Y-35.6448
G1 X44.5486 Y-35.6047
G1 X44.4066 Y-35.5623
G1 X44.2608 Y-35.5171
G1 X44.1122 Y-35.4696
G1 X44.1122 Y-35.4693
G1 X43.9567 Y-35.4180
G1 X43.7985 Y-35.3639
G1 X43.6344 Y-35.3068
G1 X43.4660 Y-35.2466
G1 X43.2925 Y-35.1833
G1 X43.1119 Y-35.1163
G1 X42.9257 Y-35.0462
G1 X42.7335 Y-34.9725
G1 X42.3560 Y-34.8267
G1 X42.1825 Y-34.7609
G1 X42.0149 Y-34.6982
G1 X41.8518 Y-34.6387
G1 X41.6944 Y-34.5826
G1 X41.5417 Y-34.5290
G1 X41.3936 Y-34.4787
G1 X41.2506 Y-34.4315
G1 X41.1122 Y-34.3875
G1 X40.9783 Y-34.3461
G1 X40.8485 Y-34.3078
G1 X40.7233 Y-34.2725
G1 X40.6024 Y-34.2400
G1 X40.4853 Y-34.2102
G1 X40.3725 Y-34.1831
G1 X40.2595 Y-34.1584
G1 X40.0677 Y-34.1244
G1 X39.8506 Y-34.0975
G1 X39.6164 Y-34.0769
G1 X39.3730 Y-34.0634
G1 X39.1305 Y-34.0573
G1 X38.8965 Y-34.0591
G1 X38.6799 Y-34.0693
G1 X38.4904 Y-34.0883
G1 X38.3283 Y-34.1142
G1 X38.1627 Y-34.1478
G1 X37.9936 Y-34.1887
G1 X37.8214 Y-34.2372
G1 X37.6469 Y-34.2928
G1 X37.4693 Y-34.3550
G1 X37.2897 Y-34.4241
G1 X37.1084 Y-34.5001
G1 X36.9263 Y-34.5824
G1 X36.7426 Y-34.6707
G1 X36.5582 Y-34.7652
G1 X36.3738 Y-34.8658
G1 X36.1894 Y-34.9720
G1 X36.0058 Y-35.0838
G1 X35.8224 Y-35.2011
G1 X35.6405 Y-35.3238
G1 X35.4874 Y-35.4322
G1 X35.3370 Y-35.5440
G1 X35.1887 Y-35.6591
G1 X35.0431 Y-35.7774
G1 X34.8999 Y-35.8993
G1 X34.7594 Y-36.0246
G1 X34.6215 Y-36.1528
G1 X34.4856 Y-36.2849
G1 X34.3527 Y-36.4200
G1 X34.2219 Y-36.5585
G1 X34.0942 Y-36.7002
G1 X33.9689 Y-36.8450
G1 X33.8465 Y-36.9931
G1 X33.7261 Y-37.1445
G1 X33.6083 Y-37.2994
G1 X33.4937 Y-37.4571
G1 X33.3812 Y-37.6182
G1 X33.2717 Y-37.7822
G1 X33.1643 Y-37.9496
G1 X33.0599 Y-38.1201
G1 X32.9583 Y-38.2938
G1 X32.8592 Y-38.4706
G1 X32.7627 Y-38.6502
G1 X32.6687 Y-38.8330
G1 X32.5775 Y-39.0190
G1 X32.4891 Y-39.2079
G1 X32.4033 Y-39.4000
G1 X32.3202 Y-39.5950
G1 X32.2397 Y-39.7932
G1 X32.1620 Y-39.9943
G1 X32.0868 Y-40.1985
G1 X32.0149 Y-40.4048
G1 X31.9773 Y-40.5171
G1 X31.9408 Y-40.6303
G1 X31.9049 Y-40.7454
G1 X31.8696 Y-40.8617
G1 X31.8353 Y-40.9796
G1 X31.8018 Y-41.0982
G1 X31.7685 Y-41.2189
G1 X31.7365 Y-41.3403
G1 X31.7053 Y-41.4632
G1 X31.6748 Y-41.5869
G1 X31.6446 Y-41.7121
G1 X31.6156 Y-41.8381
G1 X31.5877 Y-41.9654
G1 X31.5603 Y-42.0931
G1 X31.5333 Y-42.2224
G1 X31.5074 Y-42.3525
G1 X31.4823 Y-42.4833
G1 X31.4584 Y-42.6146
G1 X31.4348 Y-42.7467
G1 X31.4119 Y-42.8798
G1 X31.3903 Y-43.0131
G1 X31.3690 Y-43.1475
G1 X31.3487 Y-43.2824
G1 X31.3296 Y-43.4175
G1 X31.3108 Y-43.5534
G1 X31.2933 Y-43.6890
G1 X31.2760 Y-43.8262
G1 X31.2603 Y-43.9626
G1 X31.2450 Y-44.1000
G1 X31.2306 Y-44.2371
G1 X31.2171 Y-44.3746
G1 X31.2044 Y-44.5127
G1 X31.1925 Y-44.6504
G1 X31.1815 Y-44.7883
G1 X31.1716 Y-44.9262
G1 X31.1625 Y-45.0639
G1 X31.1539 Y-45.2018
G1 X31.1465 Y-45.3393
G1 X31.1399 Y-45.4769
G1 X31.1343 Y-45.6138
G1 X31.1295 Y-45.7510
G1 X31.1257 Y-45.8876
G1 X31.1226 Y-46.0240
G1 X31.1203 Y-46.1597
G1 X31.1191 Y-46.2953
G1 X31.1188 Y-46.4302
G1 X31.1196 Y-46.5645
G1 X31.1213 Y-46.6982
G1 X31.1239 Y-46.8312
G1 X31.1272 Y-46.9641
G1 X31.1315 Y-47.0957
G1 X31.1368 Y-47.2265
G1 X31.1429 Y-47.3568
G1 X31.1503 Y-47.4863
G1 X31.1584 Y-47.6143
G1 X31.1673 Y-47.7423
G1 X31.1777 Y-47.8683
G1 X31.1887 Y-47.9938
G1 X31.2009 Y-48.1178
G1 X31.2136 Y-48.2415
G1 X31.2278 Y-48.3631
G1 X31.2428 Y-48.4840
G1 X31.2585 Y-48.6037
G1 X31.2755 Y-48.7220
G1 X31.3068 Y-48.9212
G1 X31.3400 Y-49.1211
G1 X31.3761 Y-49.3207
G1 X31.4145 Y-49.5211
G1 X31.4556 Y-49.7210
G1 X31.4988 Y-49.9214
G1 X31.5448 Y-50.1221
G1 X31.5930 Y-50.3220
G1 X31.6436 Y-50.5226
G1 X31.6964 Y-50.7225
G1 X31.7513 Y-50.9224
G1 X31.8087 Y-51.1221
G1 X31.8684 Y-51.3215
G1 X31.9301 Y-51.5206
G1 X31.9941 Y-51.7190
G1 X32.0599 Y-51.9168
G1 X32.1280 Y-52.1144
G1 X32.1981 Y-52.3113
G1 X32.2702 Y-52.5074
G1 X32.3444 Y-52.7027
G1 X32.4203 Y-52.8970
G1 X32.4980 Y-53.0908
G1 X32.5780 Y-53.2836
G1 X32.6596 Y-53.4756
G1 X32.7431 Y-53.6664
G1 X32.8285 Y-53.8556
G1 X32.9154 Y-54.0443
G1 X33.0040 Y-54.2315
G1 X33.0944 Y-54.4172
G1 X33.1864 Y-54.6019
G1 X33.2801 Y-54.7853
G1 X33.3756 Y-54.9666
G1 X33.4724 Y-55.1470
G1 X33.5707 Y-55.3253
G1 X33.6705 Y-55.5023
G1 X33.7718 Y-55.6776
G1 X33.8745 Y-55.8510
G1 X33.9789 Y-56.0225
G1 X34.0843 Y-56.1919
G1 X34.1909 Y-56.3598
G1 X34.2991 Y-56.5254
G1 X34.4086 Y-56.6890
G1 X34.5194 Y-56.8505
G1 X34.6314 Y-57.0095
G1 X34.7444 Y-57.1668
G1 X34.8585 Y-57.3214
G1 X34.9740 Y-57.4736
G1 X35.0904 Y-57.6235
G1 X35.2080 Y-57.7708
G1 X35.3263 Y-57.9158
G1 X35.4460 Y-58.0575
G1 X35.5663 Y-58.1970
G1 X35.6878 Y-58.3336
G1 X35.8102 Y-58.4675
G1 X35.9334 Y-58.5991
G1 X36.0576 Y-58.7266
G1 X36.1826 Y-58.8518
G1 X36.3080 Y-58.9737
G1 X36.4345 Y-59.0928
G1 X36.5618 Y-59.2087
G1 X36.6898 Y-59.3209
G1 X36.8183 Y-59.4302
G1 X36.9476 Y-59.5361
G1 X37.0776 Y-59.6387
G1 X37.2397 Y-59.7606
G1 X37.4018 Y-59.8764
G1 X37.5633 Y-59.9857
G1 X37.7251 Y-60.0888
G1 X37.8869 Y-60.1856
G1 X38.0492 Y-60.2757
G1 X38.2113 Y-60.3595
G1 X38.3733 Y-60.4375
G1 X38.5361 Y-60.5089
G1 X38.6994 Y-60.5744
G1 X38.8630 Y-60.6331
G1 X39.0271 Y-60.6859
G1 X39.1919 Y-60.7327
G1 X39.3570 Y-60.7728
G1 X39.5232 Y-60.8071
G1 X39.6878 Y-60.8348
G1 X39.7487 Y-60.8437
G1 X39.8097 Y-60.8513
G1 X39.8734 Y-60.8584
G1 X39.9395 Y-60.8648
G1 X40.0093 Y-60.8703
G1 X40.0830 Y-60.8754
G1 X40.1622 Y-60.8797
G1 X40.2458 Y-60.8833
G1 X40.3372 Y-60.8866
G1 X40.5402 Y-60.8914
G1 X40.6547 Y-60.8935
G1 X40.9118 Y-60.8957
G1 X41.0571 Y-60.8965
G1 X41.3926 Y-60.8968
G1 X41.6974 Y-60.8960
G1 X41.8257 Y-60.8947
G1 X41.9405 Y-60.8932
G1 X42.0436 Y-60.8912
G1 X42.1363 Y-60.8884
G1 X42.2199 Y-60.8848
G1 X42.2968 Y-60.8802
G1 X42.3675 Y-60.8747
G1 X42.4350 Y-60.8681
G1 X42.4993 Y-60.8604
G1 X42.5615 Y-60.8513
G1 X42.6248 Y-60.8411
G1 X42.6885 Y-60.8297
G1 X42.7558 Y-60.8170
G1 X42.8470 Y-60.7992
G1 X42.9379 Y-60.7797
G1 X43.0306 Y-60.7588
G1 X43.1251 Y-60.7365
G1 X43.2224 Y-60.7121
G1 X43.3222 Y-60.6854
G1 X43.4259 Y-60.6570
G1 X43.5338 Y-60.6257
G1 X43.6471 Y-60.5925
G1 X43.7657 Y-60.5559
G1 X43.8904 Y-60.5168
G1 X44.0223 Y-60.4744
G1 X44.1617 Y-60.4286
G1 X44.4650 Y-60.3268
G1 X44.6301 Y-60.2701
G1 X44.6301 Y-60.2699
G1 X44.8292 Y-60.2023
G1 X45.0177 Y-60.1406
G1 X45.1907 Y-60.0862
G1 X45.3578 Y-60.0365
G1 X45.5135 Y-59.9933
G1 X45.6621 Y-59.9554
G1 X45.8010 Y-59.9234
G1 X45.9400 Y-59.8955
G1 X46.0807 Y-59.8711
G1 X46.2123 Y-59.8518
G1 X46.2123 Y-59.8521
G1 X46.3530 Y-59.8358
G1 X46.4917 Y-59.8233
G1 X46.6329 Y-59.8147
G1 X46.7858 Y-59.8084
G1 X46.9405 Y-59.8048
G1 X46.9405 Y-59.8051
G1 X47.1079 Y-59.8038
G1 X47.2724 Y-59.8056
G1 X47.2724 Y-59.8053
G1 X47.4269 Y-59.8109
G1 X47.5849 Y-59.8200
G1 X47.5849 Y-59.8198
G1 X47.7324 Y-59.8325
G1 X47.8815 Y-59.8493
G1 X48.0342 Y-59.8711
G1 X48.1780 Y-59.8955
G1 X48.3306 Y-59.9262
G1 X48.4789 Y-59.9605
G1 X48.6286 Y-59.9994
G1 X48.6286 Y-59.9996
G1 X48.7871 Y-60.0451
G1 X48.7871 Y-60.0448
G1 X48.9422 Y-60.0939
G1 X49.1084 Y-60.1502
G1 X49.2740 Y-60.2102
G1 X49.4487 Y-60.2772
G1 X49.6313 Y-60.3507
G1 X49.8475 Y-60.4383
G1 X50.0527 Y-60.5196
G1 X50.2491 Y-60.5950
G1 X50.4358 Y-60.6638
G1 X50.6151 Y-60.7276
G1 X50.7873 Y-60.7860
G1 X50.9534 Y-60.8388
G1 X51.1142 Y-60.8868
G1 X51.2704 Y-60.9300
G1 X51.4233 Y-60.9689
G1 X51.5732 Y-61.0034
G1 X51.7215 Y-61.0342
G1 X51.8686 Y-61.0608
G1 X52.0149 Y-61.0840
G1 X52.1619 Y-61.1040
G1 X52.3121 Y-61.1210
G1 X52.4053 Y-61.1287
G1 X52.5132 Y-61.1345
G1 X52.6339 Y-61.1388
G1 X52.7657 Y-61.1419
G1 X52.9062 Y-61.1431
G1 X53.0535 Y-61.1429
G1 X53.2061 Y-61.1411
G1 X53.3611 Y-61.1381
G1 X53.5173 Y-61.1337
G1 X53.6720 Y-61.1281
G1 X53.8236 Y-61.1215
G1 X53.9702 Y-61.1134
G1 X54.1091 Y-61.1043
G1 X54.2392 Y-61.0941
G1 X54.3580 Y-61.0827
G1 X54.4642 Y-61.0700
G1 X54.6910 Y-61.0362
G1 X54.9128 Y-60.9961
G1 X55.1294 Y-60.9493
G1 X55.3418 Y-60.8955
G1 X55.5503 Y-60.8345
G1 X55.7553 Y-60.7665
G1 X55.9572 Y-60.6908
G1 X56.1566 Y-60.6072
G1 X56.3537 Y-60.5158
G1 X56.5498 Y-60.4159
G1 X56.7439 Y-60.3080
G1 X56.9374 Y-60.1916
G1 X57.1309 Y-60.0667
G1 X57.3245 Y-59.9328
G1 X57.5186 Y-59.7898
G1 X57.7144 Y-59.6377
G1 X57.8518 Y-59.5254
G1 X57.9879 Y-59.4088
G1 X58.1238 Y-59.2882
G1 X58.2582 Y-59.1632
G1 X58.3918 Y-59.0344
G1 X58.5241 Y-58.9016
G1 X58.6555 Y-58.7649
G1 X58.7855 Y-58.6247
G1 X58.9143 Y-58.4807
G1 X59.0423 Y-58.3329
G1 X59.1688 Y-58.1815
G1 X59.2943 Y-58.0266
G1 X59.4182 Y-57.8683
G1 X59.5409 Y-57.7068
G1 X59.6626 Y-57.5419
G1 X59.7825 Y-57.3738
G1 X59.9011 Y-57.2028
G1 X60.0187 Y-57.0283
G1 X60.1340 Y-56.8513
G1 X60.2488 Y-56.6710
G1 X60.3616 Y-56.4881
G1 X60.4731 Y-56.3019
G1 X60.5826 Y-56.1134
G1 X60.6905 Y-55.9224
G1 X60.7974 Y-55.7284
G1 X60.9021 Y-55.5323
G1 X61.0055 Y-55.3334
G1 X61.1068 Y-55.1325
G1 X61.2066 Y-54.9290
G1 X61.3047 Y-54.7235
G1 X61.4009 Y-54.5158
G1 X61.4952 Y-54.3062
G1 X61.5879 Y-54.0941
G1 X61.6783 Y-53.8805
G1 X61.7672 Y-53.6649
G1 X61.8538 Y-53.4474
G1 X61.9384 Y-53.2285
G1 X62.0212 Y-53.0075
G1 X62.1017 Y-52.7855
G1 X62.1805 Y-52.5615
G1 X62.2569 Y-52.3362
G1 X62.3311 Y-52.1099
G1 X62.4035 Y-51.8815
G1 X62.4733 Y-51.6527
G1 X62.5409 Y-51.4223
G1 X62.6064 Y-51.1909
G1 X62.6694 Y-50.9582
G1 X62.7304 Y-50.7248
G1 X62.7885 Y-50.4906
G1 X62.8447 Y-50.2557
G1 X62.8983 Y-50.0200
G1 X62.9493 Y-49.7835
G1 X62.9981 Y-49.5465
G1 X63.0441 Y-49.3093
G1 X63.0878 Y-49.0710
G1 X63.1287 Y-48.8328
G1 X63.1670 Y-48.5940
G1 X63.2026 Y-48.3552
G1 X63.2356 Y-48.1162
G1 X63.2658 Y-47.8772
G1 X63.2932 Y-47.6380
G1 X63.3181 Y-47.3987
G1 X63.3400 Y-47.1597
G1 X63.3590 Y-46.9201
G1 X63.3672 Y-46.7924
G1 X63.3738 Y-46.6433
G1 X63.3796 Y-46.4739
G1 X63.3842 Y-46.2882
G1 X63.3880 Y-46.0883
G1 X63.3905 Y-45.8775
G1 X63.3920 Y-45.6588
G1 X63.3926 Y-45.4350
G1 X63.3920 Y-45.2087
G1 X63.3903 Y-44.9837
G1 X63.3875 Y-44.7619
G1 X63.3837 Y-44.5470
G1 X63.3788 Y-44.3418
G1 X63.3733 Y-44.1485
G1 X63.3664 Y-43.9710
G1 X63.3585 Y-43.8117
G1 X63.3491 Y-43.6570
G1 X63.3392 Y-43.5036
G1 X63.3285 Y-43.3522
G1 X63.3171 Y-43.2021
G1 X63.3047 Y-43.0535
G1 X63.2915 Y-42.9067
G1 X63.2777 Y-42.7617
G1 X63.2630 Y-42.6176
G1 X63.2478 Y-42.4754
G1 X63.2315 Y-42.3344
G1 X63.2145 Y-42.1950
G1 X63.1965 Y-42.0573
G1 X63.1782 Y-41.9207
G1 X63.1586 Y-41.7855
G1 X63.1383 Y-41.6519
G1 X63.1172 Y-41.5201
G1 X63.0954 Y-41.3893
G1 X63.0725 Y-41.2598
G1 X63.0489 Y-41.1317
G1 X63.0245 Y-41.0050
G1 X62.9991 Y-40.8795
G1 X62.9729 Y-40.7556
G1 X62.9460 Y-40.6331
G1 X62.9181 Y-40.5112
G1 X62.8894 Y-40.3916
G1 X62.8599 Y-40.2722
G1 X62.8292 Y-40.1546
G1 X62.7977 Y-40.0383
G1 X62.7654 Y-39.9232
G1 X62.7322 Y-39.8094
G1 X62.6981 Y-39.6964
G1 X62.6633 Y-39.5851
G1 X62.6275 Y-39.4746
G1 X62.5904 Y-39.3654
G1 X62.5526 Y-39.2572
G1 X62.5140 Y-39.1508
G1 X62.4746 Y-39.0446
G1 X62.4340 Y-38.9397
G1 X62.3923 Y-38.8361
G1 X62.3499 Y-38.7340
G1 X62.3067 Y-38.6326
G1 X62.2623 Y-38.5318
G1 X62.2168 Y-38.4325
G1 X62.1706 Y-38.3344
G1 X62.1233 Y-38.2372
G1 X62.0753 Y-38.1411
G1 X62.0260 Y-38.0456
G1 X61.9760 Y-37.9512
G1 X61.9247 Y-37.8577
G1 X61.8726 Y-37.7655
G1 X61.8193 Y-37.6740
G1 X61.7652 Y-37.5839
G1 X61.7101 Y-37.4940
G1 X61.6539 Y-37.4056
G1 X61.5968 Y-37.3177
G1 X61.5389 Y-37.2308
G1 X61.4794 Y-37.1447
G1 X61.4192 Y-37.0599
G1 X61.3580 Y-36.9753
G1 X61.2958 Y-36.8917
G1 X61.2325 Y-36.8089
G1 X61.1683 Y-36.7274
G1 X61.1027 Y-36.6464
G1 X61.0362 Y-36.5656
G1 X60.9470 Y-36.4617
G1 X60.8559 Y-36.3588
G1 X60.7624 Y-36.2582
G1 X60.6666 Y-36.1587
G1 X60.5686 Y-36.0609
G1 X60.4685 Y-35.9646
G1 X60.3664 Y-35.8704
G1 X60.2618 Y-35.7772
G1 X60.1556 Y-35.6865
G1 X60.0469 Y-35.5966
G1 X59.9364 Y-35.5089
G1 X59.8236 Y-35.4226
G1 X59.7088 Y-35.3383
G1 X59.5922 Y-35.2557
G1 X59.4736 Y-35.1747
G1 X59.3532 Y-35.0957
G1 X59.2305 Y-35.0180
G1 X59.1066 Y-34.9428
G1 X58.9801 Y-34.8686
G1 X58.8521 Y-34.7970
G1 X58.7220 Y-34.7266
G1 X58.5907 Y-34.6586
G1 X58.4571 Y-34.5918
G1 X58.3220 Y-34.5272
G1 X58.1853 Y-34.4645
G1 X58.0466 Y-34.4038
G1 X57.9062 Y-34.3446
G1 X57.7642 Y-34.2875
G1 X57.6207 Y-34.2326
G1 X57.4756 Y-34.1798
G1 X57.3288 Y-34.1285
G1 X57.1792 Y-34.0787
G1 X56.9780 Y-34.0175
G1 X56.7825 Y-33.9654
G1 X56.5902 Y-33.9230
G1 X56.3984 Y-33.8892
G1 X56.2046 Y-33.8640
G1 X56.0062 Y-33.8465
G1 X55.8010 Y-33.8369
G1 X55.5869 Y-33.8338
G1 X55.4886 Y-33.8348
G1 X55.3908 Y-33.8371
G1 X55.2938 Y-33.8409
G1 X55.1965 Y-33.8465
G1 X55.0990 Y-33.8536
G1 X55.0007 Y-33.8625
G1 X54.9021 Y-33.8732
G1 X54.8023 Y-33.8859
G1 X54.7019 Y-33.9004
G1 X54.5996 Y-33.9169
G1 X54.4954 Y-33.9354
G1 X54.3900 Y-33.9560
G1 X54.2821 Y-33.9789
G1 X54.1721 Y-34.0040
G1 X54.0588 Y-34.0314
G1 X53.9438 Y-34.0614
G1 X53.8246 Y-34.0934
G1 X53.7022 Y-34.1282
G1 X53.5762 Y-34.1655
G1 X53.4464 Y-34.2054
G1 X53.3126 Y-34.2481
G1 X53.1744 Y-34.2933
G1 X53.0309 Y-34.3416
G1 X52.8831 Y-34.3926
G1 X52.7299 Y-34.4465
G1 X52.5709 Y-34.5034
G1 X52.4065 Y-34.5636
G1 X52.2359 Y-34.6268
G1 X52.0588 Y-34.6936
G1 X51.6854 Y-34.8364
G1 X51.2933 Y-34.9885
G1 X51.1043 Y-35.0609
G1 X50.9209 Y-35.1300
G1 X50.7426 Y-35.1963
G1 X50.7426 Y-35.1965
G1 X50.5714 Y-35.2585
G1 X50.4048 Y-35.3179
G1 X50.2417 Y-35.3746
G1 X50.0855 Y-35.4277
G1 X49.9313 Y-35.4785
G1 X49.9313 Y-35.4787
G1 X49.7840 Y-35.5257
G1 X49.6392 Y-35.5704
G1 X49.4982 Y-35.6123
G1 X49.3601 Y-35.6517
G1 X49.3601 Y-35.6514
G1 X49.2237 Y-35.6888
G1 X49.0939 Y-35.7223
G1 X48.9628 Y-35.7543
G1 X48.8361 Y-35.7833
G1 X48.7111 Y-35.8104
G1 X48.5905 Y-35.8343
G1 X48.4668 Y-35.8569
G1 X48.3486 Y-35.8767
G1 X48.2272 Y-35.8950
G1 X48.1086 Y-35.9110
G1 X47.9928 Y-35.9247
G1 X47.8749 Y-35.9369
G1 X47.5767 Y-35.4975
G1 X47.5991 Y-35.4815
G1 X47.6159 Y-35.4670
G1 X47.6349 Y-35.4472
G1 X47.6484 Y-35.4302
G1 X47.6636 Y-35.4071
G1 X47.6743 Y-35.3875
G1 X47.6849 Y-35.3621
G1 X47.6915 Y-35.3411
G1 X47.6974 Y-35.3141
G1 X47.6999 Y-35.2897
G1 X47.7002 Y-35.2557
G1 X47.6997 Y-35.2420
G1 X47.6943 Y-35.1932
G1 X47.6910 Y-35.1726
G1 X47.6674 Y-35.0586
G1 X47.6303 Y-34.8981
G1 X47.5458 Y-34.5542
G1 X47.5066 Y-34.3858
G1 X47.4655 Y-34.2016
G1 X47.4231 Y-34.0045
G1 X47.3796 Y-33.7952
G1 X47.3352 Y-33.5758
G1 X47.3347 Y-33.5745
G1 X47.2905 Y-33.3487
G1 X47.2902 Y-33.3487
G1 X47.2460 Y-33.1163
G1 X47.2013 Y-32.8770
G1 X47.2011 Y-32.8757
G1 X47.1576 Y-32.6365
G1 X47.1150 Y-32.3974
G1 X47.1150 Y-32.3952
G1 X47.0731 Y-32.1526
G1 X47.0329 Y-31.9143
G1 X46.9946 Y-31.6786
G1 X46.9943 Y-31.6776
G1 X46.9590 Y-31.4526
G1 X46.9590 Y-31.4516
G1 X46.9260 Y-31.2316
G1 X46.9113 Y-31.1117
G1 X46.8986 Y-30.9735
G1 X46.8881 Y-30.8163
G1 X46.8793 Y-30.6367
G1 X46.8719 Y-30.4452
G1 X46.8668 Y-30.2443
G1 X46.8638 Y-30.0424
G1 X46.8640 Y-30.0393
G1 X46.8630 Y-29.8285
G1 X46.8640 Y-29.6151
G1 X46.8638 Y-29.6113
G1 X46.8668 Y-29.4112
G1 X46.8719 Y-29.2115
G1 X46.8790 Y-29.0223
G1 X46.8879 Y-28.8455
G1 X46.8983 Y-28.6916
G1 X46.9110 Y-28.5580
G1 X46.9257 Y-28.4416
G1 X46.9478 Y-28.2986
G1 X46.9483 Y-28.2971
G1 X46.9717 Y-28.1544
G1 X46.9956 Y-28.0165
G1 X46.9958 Y-28.0165
G1 X47.0202 Y-27.8834
G1 X47.0461 Y-27.7503
G1 X47.0464 Y-27.7487
G1 X47.0718 Y-27.6253
G1 X47.0995 Y-27.4978
G1 X47.0992 Y-27.4978
G1 X47.1274 Y-27.3756
G1 X47.1282 Y-27.3736
G1 X47.1597 Y-27.2440
G1 X47.1599 Y-27.2420
G1 X47.1907 Y-27.1209
G1 X47.1917 Y-27.1186
G1 X47.2267 Y-26.9870
G1 X47.2265 Y-26.9870
G1 X47.2267 Y-26.9865
G1 X47.2636 Y-26.8542
G1 X47.3037 Y-26.7144
G1 X47.3459 Y-26.5725
G1 X47.3916 Y-26.4231
G1 X47.4411 Y-26.2644
G1 X47.5036 Y-26.0634
G1 X47.5551 Y-25.8897
G1 X47.5930 Y-25.7531
G1 X47.6072 Y-25.6845
G1 X47.6105 Y-25.6570
G1 X47.6110 Y-25.6324
G1 X47.6080 Y-25.5976
G1 X47.6057 Y-25.5831
G1 X47.5915 Y-25.5179
G1 X47.5630 Y-25.4173
G1 X47.5221 Y-25.2849
G1 X47.4718 Y-25.1303
G1 X47.4088 Y-24.9509
G1 X47.3398 Y-24.7726
G1 X47.2671 Y-24.5984
G1 X47.1927 Y-24.4338
G1 X47.1190 Y-24.2834
G1 X47.0466 Y-24.1506
G1 X46.9859 Y-24.0548
G1 X46.9699 Y-24.0330
G1 X46.9181 Y-23.9712
G1 X46.8973 Y-23.9499
G1 X46.8122 Y-23.8740
G1 X46.7901 Y-23.8575
G1 X46.7716 Y-23.8460
G1 X46.7469 Y-23.8338
G1 X46.7266 Y-23.8260
G1 X46.6999 Y-23.8183
G1 X46.6781 Y-23.8143
G1 X46.6507 Y-23.8117
G1 X46.6273 Y-23.8117
G1 X46.5999 Y-23.8145
G1 X46.5798 Y-23.8183
G1 X46.5534 Y-23.8257
G1 X46.5320 Y-23.8338
G1 X46.5071 Y-23.8463
G1 X46.4883 Y-23.8580
G1 X46.4665 Y-23.8745
G1 X46.4525 Y-23.8869
G1 X46.4325 Y-23.9080
G1 X46.3319 Y-24.0289
G1 X46.2803 Y-24.0975
G1 X46.2303 Y-24.1737
G1 X46.1808 Y-24.2578
G1 X46.1328 Y-24.3489
G1 X46.0847 Y-24.4478
G1 X46.0370 Y-24.5539
G1 X45.9897 Y-24.6672
G1 X45.9423 Y-24.7874
G1 X45.8955 Y-24.9138
G1 X45.8493 Y-25.0462
G1 X45.8038 Y-25.1846
G1 X45.7594 Y-25.3279
G1 X45.7154 Y-25.4765
G1 X45.6728 Y-25.6294
G1 X45.6314 Y-25.7863
G1 X45.5917 Y-25.9466
G1 X45.5592 Y-26.0853
G1 X45.5290 Y-26.2250
G1 X45.5005 Y-26.3662
G1 X45.4736 Y-26.5095
G1 X45.4482 Y-26.6548
G1 X45.4251 Y-26.8013
G1 X45.4030 Y-26.9507
G1 X45.3837 Y-27.1005
G1 X45.3654 Y-27.2527
G1 X45.3492 Y-27.4058
G1 X45.3342 Y-27.5618
G1 X45.3217 Y-27.7188
G1 X45.3103 Y-27.8773
G1 X45.3009 Y-28.0383
G1 X45.2935 Y-28.2001
G1 X45.2877 Y-28.3634
G1 X45.2834 Y-28.5293
G1 X45.2808 Y-28.6959
G1 X45.2801 Y-28.8651
G1 X45.2813 Y-29.0345
G1 X45.2839 Y-29.2070
G1 X45.2885 Y-29.3799
G1 X45.2946 Y-29.5542
G1 X45.3022 Y-29.7312
G1 X45.3121 Y-29.9090
G1 X45.3235 Y-30.0881
G1 X45.3362 Y-30.2699
G1 X45.3512 Y-30.4523
G1 X45.3677 Y-30.6365
G1 X45.3860 Y-30.8214
G1 X45.4058 Y-31.0093
G1 X45.4276 Y-31.1968
G1 X45.4426 Y-31.3207
G1 X45.4589 Y-31.4457
G1 X45.4759 Y-31.5737
G1 X45.4944 Y-31.7025
G1 X45.5135 Y-31.8338
G1 X45.5338 Y-31.9659
G1 X45.5549 Y-32.1000
G1 X45.5770 Y-32.2349
G1 X45.5999 Y-32.3708
G1 X45.6235 Y-32.5072
G1 X45.6476 Y-32.6448
G1 X45.6730 Y-32.7833
G1 X45.7251 Y-33.0589
G1 X45.7523 Y-33.1968
G1 X45.7799 Y-33.3345
G1 X45.8081 Y-33.4716
G1 X45.8368 Y-33.6088
G1 X45.8955 Y-33.8788
G1 X45.9252 Y-34.0124
G1 X45.9557 Y-34.1455
G1 X45.9867 Y-34.2760
G1 X46.0487 Y-34.5323
G1 X46.0804 Y-34.6568
G1 X46.1119 Y-34.7792
G1 X46.1437 Y-34.9004
G1 X46.1757 Y-35.0182
G1 X46.2077 Y-35.1328
G1 X46.2399 Y-35.2453
G1 X46.2750 Y-35.3621
G1 X46.2852 Y-35.3878
G1 X46.2951 Y-35.4076
G1 X46.3098 Y-35.4310
G1 X46.3230 Y-35.4480
G1 X46.3464 Y-35.4731
G1 X46.3799 Y-35.5036
G1 X46.4017 Y-35.5206
G1 X46.4208 Y-35.5328
G1 X46.4452 Y-35.5453
G1 X46.4673 Y-35.5539
G1 X46.4988 Y-35.5628
G1 X46.5117 Y-35.5656
G1 X46.5917 Y-35.5785
G1 X46.6247 Y-35.5808
G1 X46.7721 Y-35.5816
G1 X46.9966 Y-35.5735
G1 X47.1701 Y-35.5638
G1 X47.3182 Y-35.5542
G1 X47.4348 Y-35.5432
G1 X47.4850 Y-35.5349
G1 X47.5117 Y-35.5280
G1 X47.5323 Y-35.5204
G1 X47.5574 Y-35.5087
G1 X47.5767 Y-35.4975
G1 X47.5069 Y-35.4000
G1 X47.5292 Y-35.3840
G1 X47.5483 Y-35.3642
G1 X47.5635 Y-35.3411
G1 X47.5742 Y-35.3157
G1 X47.5800 Y-35.2887
G1 X47.5803 Y-35.2547
G1 X47.5757 Y-35.2115
G1 X47.5734 Y-35.1968
G1 X47.5506 Y-35.0858
G1 X47.5137 Y-34.9268
G1 X47.4292 Y-34.5829
G1 X47.3898 Y-34.4129
G1 X47.3484 Y-34.2278
G1 X47.3057 Y-34.0296
G1 X47.2620 Y-33.8196
G1 X47.2176 Y-33.5996
G1 X47.2173 Y-33.5996
G1 X47.1726 Y-33.3718
G1 X47.1282 Y-33.1386
G1 X47.0835 Y-32.8991
G1 X47.0832 Y-32.8991
G1 X47.0395 Y-32.6578
G1 X46.9963 Y-32.4155
G1 X46.9966 Y-32.4155
G1 X46.9547 Y-32.1729
G1 X46.9146 Y-31.9341
G1 X46.8762 Y-31.6979
G1 X46.8760 Y-31.6979
G1 X46.8401 Y-31.4693
G1 X46.8404 Y-31.4693
G1 X46.8069 Y-31.2463
G1 X46.7921 Y-31.1264
G1 X46.7792 Y-30.9844
G1 X46.7683 Y-30.8221
G1 X46.7594 Y-30.6426
G1 X46.7520 Y-30.4498
G1 X46.7469 Y-30.2473
G1 X46.7439 Y-30.0398
G1 X46.7441 Y-30.0398
G1 X46.7431 Y-29.8280
G1 X46.7441 Y-29.6146
G1 X46.7439 Y-29.6146
G1 X46.7469 Y-29.4081
G1 X46.7520 Y-29.2070
G1 X46.7591 Y-29.0162
G1 X46.7680 Y-28.8394
G1 X46.7789 Y-28.6804
G1 X46.7919 Y-28.5427
G1 X46.8071 Y-28.4231
G1 X46.8297 Y-28.2776
G1 X46.8300 Y-28.2776
G1 X46.8536 Y-28.1338
G1 X46.8777 Y-27.9949
G1 X46.9024 Y-27.8605
G1 X46.9283 Y-27.7274
G1 X46.9280 Y-27.7274
G1 X46.9544 Y-27.5999
G1 X46.9821 Y-27.4724
G1 X47.0113 Y-27.3451
G1 X47.0116 Y-27.3451
G1 X47.0431 Y-27.2156
G1 X47.0428 Y-27.2156
G1 X47.0753 Y-27.0876
G1 X47.0756 Y-27.0876
G1 X47.1106 Y-26.9560
G1 X47.1112 Y-26.9545
G1 X47.1482 Y-26.8209
G1 X47.1886 Y-26.6804
G1 X47.2310 Y-26.5374
G1 X47.2770 Y-26.3873
G1 X47.3265 Y-26.2288
G1 X47.3885 Y-26.0292
G1 X47.4396 Y-25.8577
G1 X47.4756 Y-25.7274
G1 X47.4881 Y-25.6703
G1 X47.4914 Y-25.6428
G1 X47.4883 Y-25.6080
G1 X47.4762 Y-25.5506
G1 X47.4482 Y-25.4526
G1 X47.4081 Y-25.3220
G1 X47.3586 Y-25.1699
G1 X47.2971 Y-24.9944
G1 X47.2290 Y-24.8188
G1 X47.1576 Y-24.6477
G1 X47.0850 Y-24.4866
G1 X47.0136 Y-24.3408
G1 X46.9450 Y-24.2146
G1 X46.8889 Y-24.1254
G1 X46.8775 Y-24.1097
G1 X46.8318 Y-24.0546
G1 X46.8168 Y-24.0391
G1 X46.7403 Y-23.9700
G1 X46.7182 Y-23.9535
G1 X46.6936 Y-23.9413
G1 X46.6669 Y-23.9337
G1 X46.6395 Y-23.9311
G1 X46.6120 Y-23.9339
G1 X46.5856 Y-23.9413
G1 X46.5607 Y-23.9537
G1 X46.5389 Y-23.9702
G1 X46.5247 Y-23.9850
G1 X46.4276 Y-24.1013
G1 X46.3804 Y-24.1638
G1 X46.3337 Y-24.2344
G1 X46.2869 Y-24.3139
G1 X46.2407 Y-24.4013
G1 X46.1942 Y-24.4970
G1 X46.1477 Y-24.6004
G1 X46.1013 Y-24.7112
G1 X46.0548 Y-24.8290
G1 X46.0088 Y-24.9532
G1 X45.9633 Y-25.0838
G1 X45.9184 Y-25.2202
G1 X45.8744 Y-25.3619
G1 X45.8310 Y-25.5087
G1 X45.7888 Y-25.6598
G1 X45.7479 Y-25.8153
G1 X45.7086 Y-25.9740
G1 X45.6766 Y-26.1107
G1 X45.6466 Y-26.2486
G1 X45.6184 Y-26.3886
G1 X45.5917 Y-26.5300
G1 X45.5668 Y-26.6736
G1 X45.5437 Y-26.8188
G1 X45.5221 Y-26.9662
G1 X45.5028 Y-27.1148
G1 X45.4848 Y-27.2654
G1 X45.4685 Y-27.4173
G1 X45.4538 Y-27.5714
G1 X45.4414 Y-27.7271
G1 X45.4302 Y-27.8844
G1 X45.4208 Y-28.0439
G1 X45.4134 Y-28.2044
G1 X45.4076 Y-28.3665
G1 X45.4033 Y-28.5311
G1 X45.4007 Y-28.6964
G1 X45.4000 Y-28.8641
G1 X45.4012 Y-29.0327
G1 X45.4038 Y-29.2036
G1 X45.4083 Y-29.3756
G1 X45.4144 Y-29.5491
G1 X45.4221 Y-29.7246
G1 X45.4320 Y-29.9014
G1 X45.4431 Y-30.0797
G1 X45.4558 Y-30.2600
G1 X45.4708 Y-30.4416
G1 X45.4871 Y-30.6245
G1 X45.5054 Y-30.8089
G1 X45.5249 Y-30.9954
G1 X45.5468 Y-31.1826
G1 X45.5615 Y-31.3052
G1 X45.5778 Y-31.4297
G1 X45.5948 Y-31.5567
G1 X45.6131 Y-31.6852
G1 X45.6321 Y-31.8155
G1 X45.6524 Y-31.9474
G1 X45.6733 Y-32.0805
G1 X45.6954 Y-32.2151
G1 X45.7180 Y-32.3502
G1 X45.7416 Y-32.4863
G1 X45.7657 Y-32.6233
G1 X45.7909 Y-32.7609
G1 X45.8429 Y-33.0357
G1 X45.8699 Y-33.1732
G1 X45.8975 Y-33.3103
G1 X45.9255 Y-33.4470
G1 X45.9542 Y-33.5834
G1 X46.0126 Y-33.8526
G1 X46.0423 Y-33.9857
G1 X46.0726 Y-34.1178
G1 X46.1033 Y-34.2478
G1 X46.1650 Y-34.5029
G1 X46.1965 Y-34.6268
G1 X46.2280 Y-34.7487
G1 X46.2595 Y-34.8689
G1 X46.2912 Y-34.9860
G1 X46.3230 Y-35.0998
G1 X46.3550 Y-35.2113
G1 X46.3865 Y-35.3179
G1 X46.3967 Y-35.3436
G1 X46.4114 Y-35.3670
G1 X46.4282 Y-35.3852
G1 X46.4536 Y-35.4089
G1 X46.4754 Y-35.4259
G1 X46.4998 Y-35.4383
G1 X46.5313 Y-35.4472
G1 X46.6021 Y-35.4589
G1 X46.6255 Y-35.4609
G1 X46.7677 Y-35.4617
G1 X46.9900 Y-35.4536
G1 X47.1622 Y-35.4442
G1 X47.3072 Y-35.4348
G1 X47.4157 Y-35.4249
G1 X47.4551 Y-35.4185
G1 X47.4817 Y-35.4117
G1 X47.5069 Y-35.4000
G1 X48.1421 Y-35.1234
G1 X48.1548 Y-35.1478
G1 X48.1665 Y-35.1660
G1 X48.1835 Y-35.1879
G1 X48.1993 Y-35.2044
G1 X48.2199 Y-35.2224
G1 X48.2374 Y-35.2354
G1 X48.2613 Y-35.2496
G1 X48.2839 Y-35.2600
G1 X48.3166 Y-35.2712
G1 X48.3301 Y-35.2750
G1 X48.3565 Y-35.2801
G1 X48.3840 Y-35.2834
G1 X48.4066 Y-35.2839
G1 X48.4477 Y-35.2806
G1 X48.4866 Y-35.2737
G1 X48.5102 Y-35.2679
G1 X48.5742 Y-35.2491
G1 X48.6583 Y-35.2201
G1 X48.7708 Y-35.1790
G1 X48.9179 Y-35.1234
G1 X49.1061 Y-35.0512
G1 X49.2806 Y-34.9837
G1 X49.4543 Y-34.9141
G1 X49.6268 Y-34.8432
G1 X49.7985 Y-34.7711
G1 X49.9689 Y-34.6974
G1 X50.1388 Y-34.6225
G1 X50.3070 Y-34.5458
G1 X50.4741 Y-34.4683
G1 X50.6405 Y-34.3891
G1 X50.8051 Y-34.3085
G1 X50.9689 Y-34.2268
G1 X51.1312 Y-34.1437
G1 X51.2923 Y-34.0594
G1 X51.4523 Y-33.9735
G1 X51.6108 Y-33.8866
G1 X51.7675 Y-33.7985
G1 X51.9234 Y-33.7094
G1 X52.0779 Y-33.6187
G1 X52.2305 Y-33.5270
G1 X52.3819 Y-33.4340
G1 X52.5318 Y-33.3400
G1 X52.6801 Y-33.2448
G1 X52.8274 Y-33.1483
G1 X52.9720 Y-33.0510
G1 X53.1155 Y-32.9524
G1 X53.2577 Y-32.8529
G1 X53.3979 Y-32.7520
G1 X53.5363 Y-32.6499
G1 X53.6730 Y-32.5473
G1 X53.8079 Y-32.4434
G1 X53.9410 Y-32.3388
G1 X54.0741 Y-32.2318
G1 X54.1797 Y-32.1432
G1 X54.2930 Y-32.0441
G1 X54.4144 Y-31.9352
G1 X54.5414 Y-31.8176
G1 X54.6730 Y-31.6931
G1 X54.8071 Y-31.5636
G1 X54.9435 Y-31.4297
G1 X55.0799 Y-31.2933
G1 X55.2145 Y-31.1559
G1 X55.3469 Y-31.0187
G1 X55.4741 Y-30.8844
G1 X55.5968 Y-30.7525
G1 X55.7111 Y-30.6263
G1 X55.8178 Y-30.5057
G1 X55.9140 Y-30.3926
G1 X55.9986 Y-30.2895
G1 X56.0771 Y-30.1889
G1 X56.1558 Y-30.0876
G1 X56.2328 Y-29.9857
G1 X56.3090 Y-29.8834
G1 X56.3832 Y-29.7812
G1 X56.4576 Y-29.6774
G1 X56.5292 Y-29.5745
G1 X56.6016 Y-29.4698
G1 X56.6710 Y-29.3660
G1 X56.7408 Y-29.2603
G1 X56.8081 Y-29.1551
G1 X56.8754 Y-29.0487
G1 X56.9412 Y-28.9420
G1 X57.0057 Y-28.8348
G1 X57.0692 Y-28.7271
G1 X57.1320 Y-28.6187
G1 X57.1932 Y-28.5097
G1 X57.2531 Y-28.4005
G1 X57.3126 Y-28.2900
G1 X57.3700 Y-28.1798
G1 X57.4274 Y-28.0683
G1 X57.4832 Y-27.9560
G1 X57.5379 Y-27.8437
G1 X57.5917 Y-27.7304
G1 X57.6445 Y-27.6164
G1 X57.6958 Y-27.5021
G1 X57.7461 Y-27.3870
G1 X57.7959 Y-27.2707
G1 X57.8437 Y-27.1549
G1 X57.8914 Y-27.0370
G1 X57.9377 Y-26.9192
G1 X57.9826 Y-26.8006
G1 X58.0268 Y-26.6814
G1 X58.0700 Y-26.5608
G1 X58.1122 Y-26.4396
G1 X58.1528 Y-26.3185
G1 X58.1929 Y-26.1958
G1 X58.2320 Y-26.0726
G1 X58.2699 Y-25.9486
G1 X58.3072 Y-25.8232
G1 X58.3425 Y-25.6979
G1 X58.3773 Y-25.5720
G1 X58.4119 Y-25.4439
G1 X58.4446 Y-25.3157
G1 X58.4761 Y-25.1874
G1 X58.5076 Y-25.0571
G1 X58.5373 Y-24.9263
G1 X58.5663 Y-24.7950
G1 X58.5945 Y-24.6624
G1 X58.6217 Y-24.5288
G1 X58.6478 Y-24.3942
G1 X58.6725 Y-24.2595
G1 X58.6969 Y-24.1231
G1 X58.7200 Y-23.9857
G1 X58.7423 Y-23.8478
G1 X58.7634 Y-23.7086
G1 X58.7840 Y-23.5687
G1 X58.8038 Y-23.4274
G1 X58.8221 Y-23.2855
G1 X58.8396 Y-23.1424
G1 X58.8564 Y-22.9987
G1 X58.8721 Y-22.8534
G1 X58.8871 Y-22.7071
G1 X58.9013 Y-22.5580
G1 X58.9087 Y-22.4645
G1 X58.9158 Y-22.3622
G1 X58.9219 Y-22.2504
G1 X58.9270 Y-22.1320
G1 X58.9316 Y-22.0061
G1 X58.9354 Y-21.8740
G1 X58.9387 Y-21.7366
G1 X58.9415 Y-21.5936
G1 X58.9432 Y-21.4470
G1 X58.9445 Y-21.2974
G1 X58.9453 Y-21.1445
G1 X58.9448 Y-20.8364
G1 X58.9437 Y-20.6809
G1 X58.9397 Y-20.3744
G1 X58.9369 Y-20.2242
G1 X58.9336 Y-20.0764
G1 X58.9257 Y-19.7947
G1 X58.9209 Y-19.6619
G1 X58.9158 Y-19.5349
G1 X58.9102 Y-19.4140
G1 X58.9036 Y-19.3020
G1 X58.8970 Y-19.1976
G1 X58.8899 Y-19.1018
G1 X58.8820 Y-19.0157
G1 X58.8734 Y-18.9375
G1 X58.8632 Y-18.8676
G1 X58.8536 Y-18.8166
G1 X58.8490 Y-18.7983
G1 X58.8401 Y-18.7670
G1 X58.8363 Y-18.7554
G1 X58.8246 Y-18.7262
G1 X58.8190 Y-18.7145
G1 X58.8043 Y-18.6878
G1 X58.7891 Y-18.6647
G1 X58.7756 Y-18.6477
G1 X58.7565 Y-18.6279
G1 X58.7398 Y-18.6134
G1 X58.7174 Y-18.5974
G1 X58.6986 Y-18.5862
G1 X58.6737 Y-18.5745
G1 X58.6537 Y-18.5674
G1 X58.6270 Y-18.5603
G1 X58.6059 Y-18.5565
G1 X58.5716 Y-18.5542
G1 X58.5175 Y-18.5547
G1 X58.4794 Y-18.5588
G1 X58.3667 Y-18.5798
G1 X58.2130 Y-18.6159
G1 X58.0258 Y-18.6647
G1 X57.8124 Y-18.7234
G1 X57.5848 Y-18.7896
G1 X57.3524 Y-18.8603
G1 X57.1249 Y-18.9327
G1 X56.9369 Y-18.9962
G1 X56.7505 Y-19.0617
G1 X56.5661 Y-19.1295
G1 X56.3832 Y-19.1996
G1 X56.2021 Y-19.2720
G1 X56.0230 Y-19.3467
G1 X55.8457 Y-19.4236
G1 X55.6699 Y-19.5026
G1 X55.4965 Y-19.5842
G1 X55.3242 Y-19.6682
G1 X55.1546 Y-19.7543
G1 X54.9862 Y-19.8427
G1 X54.8203 Y-19.9329
G1 X54.6555 Y-20.0259
G1 X54.4929 Y-20.1211
G1 X54.3321 Y-20.2187
G1 X54.1729 Y-20.3185
G1 X54.0161 Y-20.4206
G1 X53.8604 Y-20.5247
G1 X53.7075 Y-20.6311
G1 X53.5556 Y-20.7401
G1 X53.4063 Y-20.8511
G1 X53.2582 Y-20.9647
G1 X53.1122 Y-21.0802
G1 X52.9681 Y-21.1981
G1 X52.8256 Y-21.3185
G1 X52.6854 Y-21.4409
G1 X52.5470 Y-21.5656
G1 X52.4101 Y-21.6926
G1 X52.2750 Y-21.8222
G1 X52.1426 Y-21.9535
G1 X52.0116 Y-22.0871
G1 X51.8820 Y-22.2232
G1 X51.7548 Y-22.3617
G1 X51.6296 Y-22.5024
G1 X51.5061 Y-22.6449
G1 X51.3845 Y-22.7902
G1 X51.2646 Y-22.9375
G1 X51.1467 Y-23.0871
G1 X51.0304 Y-23.2390
G1 X50.9168 Y-23.3929
G1 X50.8041 Y-23.5494
G1 X50.6941 Y-23.7076
G1 X50.5854 Y-23.8684
G1 X50.4784 Y-24.0317
G1 X50.3735 Y-24.1971
G1 X50.2709 Y-24.3642
G1 X50.1696 Y-24.5341
G1 X50.0703 Y-24.7063
G1 X49.9735 Y-24.8803
G1 X49.8780 Y-25.0566
G1 X49.7843 Y-25.2352
G1 X49.6926 Y-25.4160
G1 X49.6026 Y-25.5989
G1 X49.5143 Y-25.7848
G1 X49.4289 Y-25.9718
G1 X49.3441 Y-26.1617
G1 X49.2620 Y-26.3535
G1 X49.1813 Y-26.5478
G1 X49.1023 Y-26.7444
G1 X49.0256 Y-26.9428
G1 X48.9509 Y-27.1432
G1 X48.8772 Y-27.3467
G1 X48.8058 Y-27.5516
G1 X48.7507 Y-27.7160
G1 X48.6966 Y-27.8823
G1 X48.6438 Y-28.0500
G1 X48.5920 Y-28.2199
G1 X48.5412 Y-28.3914
G1 X48.4916 Y-28.5648
G1 X48.4434 Y-28.7398
G1 X48.3959 Y-28.9169
G1 X48.3499 Y-29.0947
G1 X48.3047 Y-29.2753
G1 X48.2610 Y-29.4564
G1 X48.2181 Y-29.6398
G1 X48.1764 Y-29.8249
G1 X48.1363 Y-30.0111
G1 X48.0969 Y-30.1993
G1 X48.0588 Y-30.3888
G1 X48.0217 Y-30.5798
G1 X47.9864 Y-30.7721
G1 X47.9516 Y-30.9662
G1 X47.9184 Y-31.1617
G1 X47.8864 Y-31.3583
G1 X47.8554 Y-31.5562
G1 X47.8254 Y-31.7558
G1 X47.7972 Y-31.9565
G1 X47.7695 Y-32.1587
G1 X47.7436 Y-32.3621
G1 X47.7187 Y-32.5664
G1 X47.6949 Y-32.7723
G1 X47.6725 Y-32.9794
G1 X47.6512 Y-33.1876
G1 X47.6311 Y-33.3972
G1 X47.6123 Y-33.6088
G1 X47.5960 Y-33.8137
G1 X47.5861 Y-33.9908
G1 X47.5818 Y-34.1442
G1 X47.5839 Y-34.2773
G1 X47.5920 Y-34.3738
G1 X47.5958 Y-34.3982
G1 X47.6090 Y-34.4627
G1 X47.6126 Y-34.4759
G1 X47.6232 Y-34.5084
G1 X47.6280 Y-34.5209
G1 X47.6522 Y-34.5724
G1 X47.6659 Y-34.5963
G1 X47.6788 Y-34.6146
G1 X47.6966 Y-34.6354
G1 X47.7088 Y-34.6479
G1 X47.7258 Y-34.6624
G1 X47.7599 Y-34.6885
G1 X47.7830 Y-34.7035
G1 X47.8028 Y-34.7139
G1 X47.8282 Y-34.7243
G1 X47.8483 Y-34.7307
G1 X47.8752 Y-34.7365
G1 X47.8983 Y-34.7391
G1 X47.9260 Y-34.7396
G1 X47.9471 Y-34.7383
G1 X47.9742 Y-34.7340
G1 X47.9963 Y-34.7281
G1 X48.0223 Y-34.7188
G1 X48.0423 Y-34.7094
G1 X48.0756 Y-34.6890
G1 X48.1073 Y-34.6662
G1 X48.1188 Y-34.6570
G1 X48.1465 Y-34.6314
G1 X48.1574 Y-34.6197
G1 X48.2275 Y-34.5346
G1 X48.3126 Y-34.4173
G1 X48.4045 Y-34.2788
G1 X48.5999 Y-33.9748
G1 X48.6001 Y-33.9750
G1 X53.1614 Y-26.9316
G1 X54.3997 Y-25.0149
G1 X54.7225 Y-24.5176
G1 X55.0169 Y-24.0675
G1 X55.2613 Y-23.6997
G1 X55.3697 Y-23.5407
G1 X55.4210 Y-23.4678
G1 X55.4650 Y-23.4076
G1 X55.5018 Y-23.3591
G1 X55.5254 Y-23.3302
G1 X55.5280 Y-23.3274
G1 X55.5429 Y-23.3251
G1 X55.5595 Y-23.3309
G1 X55.5671 Y-23.3388
G1 X55.5701 Y-23.3497
G1 X55.5640 Y-23.3617
G1 X55.5513 Y-23.3850
G1 X55.5211 Y-23.4376
G1 X55.5198 Y-23.4394
G1 X55.4726 Y-23.5179
G1 X55.4728 Y-23.5179
G1 X55.4129 Y-23.6141
G1 X55.2910 Y-23.8064
G1 X55.1271 Y-24.0609
G1 X54.7464 Y-24.6487
G1 X54.7467 Y-24.6487
G1 X53.8353 Y-26.0523
G1 X53.1932 Y-27.0454
G1 X49.3131 Y-33.0368
G1 X48.7248 Y-33.9507
G1 X48.4502 Y-34.3814
G1 X48.2552 Y-34.6898
G1 X48.2105 Y-34.7622
G1 X48.1764 Y-34.8183
G1 X48.1495 Y-34.8653
G1 X48.1381 Y-34.8889
G1 X48.1279 Y-34.9146
G1 X48.1218 Y-34.9354
G1 X48.1165 Y-34.9623
G1 X48.1142 Y-34.9834
G1 X48.1137 Y-35.0111
G1 X48.1155 Y-35.0345
G1 X48.1203 Y-35.0617
G1 X48.1251 Y-35.0799
G1 X48.1335 Y-35.1036
G1 X48.1421 Y-35.1234
G1 X48.2486 Y-35.0680
G1 X48.2613 Y-35.0924
G1 X48.2783 Y-35.1142
G1 X48.2989 Y-35.1323
G1 X48.3227 Y-35.1465
G1 X48.3555 Y-35.1577
G1 X48.3707 Y-35.1610
G1 X48.3982 Y-35.1643
G1 X48.4276 Y-35.1622
G1 X48.4591 Y-35.1569
G1 X48.4764 Y-35.1528
G1 X48.5351 Y-35.1356
G1 X48.6171 Y-35.1074
G1 X48.7284 Y-35.0667
G1 X48.8749 Y-35.0114
G1 X49.0626 Y-34.9395
G1 X49.2361 Y-34.8722
G1 X49.4088 Y-34.8031
G1 X49.5803 Y-34.7327
G1 X49.7510 Y-34.6608
G1 X49.9204 Y-34.5877
G1 X50.0891 Y-34.5133
G1 X50.2564 Y-34.4371
G1 X50.4226 Y-34.3599
G1 X50.5877 Y-34.2814
G1 X50.7515 Y-34.2011
G1 X50.9140 Y-34.1201
G1 X51.0756 Y-34.0373
G1 X51.2356 Y-33.9534
G1 X51.3946 Y-33.8684
G1 X51.5521 Y-33.7820
G1 X51.7081 Y-33.6944
G1 X51.8627 Y-33.6060
G1 X52.0162 Y-33.5158
G1 X52.1678 Y-33.4246
G1 X52.3182 Y-33.3324
G1 X52.4670 Y-33.2389
G1 X52.6143 Y-33.1445
G1 X52.7604 Y-33.0487
G1 X52.9041 Y-32.9519
G1 X53.0466 Y-32.8541
G1 X53.1876 Y-32.7553
G1 X53.3268 Y-32.6553
G1 X53.4642 Y-32.5542
G1 X53.5998 Y-32.4521
G1 X53.7337 Y-32.3492
G1 X53.8658 Y-32.2453
G1 X53.9971 Y-32.1396
G1 X54.1007 Y-32.0530
G1 X54.2127 Y-31.9550
G1 X54.3329 Y-31.8470
G1 X54.4589 Y-31.7304
G1 X54.5897 Y-31.6067
G1 X54.7230 Y-31.4780
G1 X54.8587 Y-31.3449
G1 X54.9943 Y-31.2092
G1 X55.1282 Y-31.0726
G1 X55.2597 Y-30.9364
G1 X55.3862 Y-30.8026
G1 X55.5079 Y-30.6720
G1 X55.6212 Y-30.5468
G1 X55.7266 Y-30.4277
G1 X55.8213 Y-30.3167
G1 X55.9041 Y-30.2156
G1 X55.9824 Y-30.1155
G1 X56.0601 Y-30.0152
G1 X56.1365 Y-29.9141
G1 X56.2120 Y-29.8127
G1 X56.2856 Y-29.7114
G1 X56.3590 Y-29.6088
G1 X56.4304 Y-29.5064
G1 X56.5018 Y-29.4030
G1 X56.5709 Y-29.2997
G1 X56.6397 Y-29.1955
G1 X56.7068 Y-29.0909
G1 X56.7733 Y-28.9857
G1 X56.8383 Y-28.8801
G1 X56.9023 Y-28.7739
G1 X56.9653 Y-28.6672
G1 X57.0273 Y-28.5598
G1 X57.0880 Y-28.4521
G1 X57.1475 Y-28.3436
G1 X57.2061 Y-28.2344
G1 X57.2633 Y-28.1249
G1 X57.3199 Y-28.0147
G1 X57.3753 Y-27.9037
G1 X57.4294 Y-27.7922
G1 X57.4827 Y-27.6802
G1 X57.5351 Y-27.5671
G1 X57.5859 Y-27.4541
G1 X57.6359 Y-27.3398
G1 X57.6849 Y-27.2250
G1 X57.7324 Y-27.1099
G1 X57.7797 Y-26.9933
G1 X57.8254 Y-26.8765
G1 X57.8701 Y-26.7589
G1 X57.9138 Y-26.6408
G1 X57.9567 Y-26.5214
G1 X57.9984 Y-26.4015
G1 X58.0387 Y-26.2811
G1 X58.0786 Y-26.1595
G1 X58.1172 Y-26.0375
G1 X58.1548 Y-25.9146
G1 X58.1917 Y-25.7904
G1 X58.2270 Y-25.6659
G1 X58.2615 Y-25.5407
G1 X58.2955 Y-25.4142
G1 X58.3281 Y-25.2870
G1 X58.3595 Y-25.1592
G1 X58.3905 Y-25.0304
G1 X58.4203 Y-24.9006
G1 X58.4490 Y-24.7701
G1 X58.4769 Y-24.6385
G1 X58.5038 Y-24.5059
G1 X58.5297 Y-24.3723
G1 X58.5544 Y-24.2385
G1 X58.5785 Y-24.1031
G1 X58.6016 Y-23.9667
G1 X58.6237 Y-23.8298
G1 X58.6448 Y-23.6913
G1 X58.6651 Y-23.5522
G1 X58.6847 Y-23.4119
G1 X58.7030 Y-23.2707
G1 X58.7205 Y-23.1287
G1 X58.7370 Y-22.9857
G1 X58.7527 Y-22.8412
G1 X58.7677 Y-22.6957
G1 X58.7817 Y-22.5483
G1 X58.7891 Y-22.4564
G1 X58.7959 Y-22.3556
G1 X58.8020 Y-22.2453
G1 X58.8071 Y-22.1277
G1 X58.8117 Y-22.0025
G1 X58.8155 Y-21.8712
G1 X58.8188 Y-21.7343
G1 X58.8216 Y-21.5920
G1 X58.8234 Y-21.4460
G1 X58.8246 Y-21.2969
G1 X58.8254 Y-21.1447
G1 X58.8249 Y-20.8371
G1 X58.8239 Y-20.6825
G1 X58.8198 Y-20.3766
G1 X58.8170 Y-20.2270
G1 X58.8137 Y-20.0797
G1 X58.8058 Y-19.7990
G1 X58.8010 Y-19.6667
G1 X58.7959 Y-19.5405
G1 X58.7903 Y-19.4208
G1 X58.7840 Y-19.3096
G1 X58.7774 Y-19.2067
G1 X58.7703 Y-19.1127
G1 X58.7626 Y-19.0287
G1 X58.7545 Y-18.9542
G1 X58.7454 Y-18.8897
G1 X58.7370 Y-18.8448
G1 X58.7337 Y-18.8311
G1 X58.7248 Y-18.7998
G1 X58.7131 Y-18.7706
G1 X58.7042 Y-18.7538
G1 X58.6890 Y-18.7307
G1 X58.6699 Y-18.7109
G1 X58.6476 Y-18.6949
G1 X58.6227 Y-18.6832
G1 X58.5960 Y-18.6761
G1 X58.5716 Y-18.6741
G1 X58.5287 Y-18.6741
G1 X58.5015 Y-18.6766
G1 X58.3941 Y-18.6967
G1 X58.2432 Y-18.7320
G1 X58.0575 Y-18.7805
G1 X57.8460 Y-18.8387
G1 X57.6196 Y-18.9045
G1 X57.3888 Y-18.9746
G1 X57.1632 Y-19.0464
G1 X56.9768 Y-19.1094
G1 X56.7919 Y-19.1745
G1 X56.6090 Y-19.2415
G1 X56.4276 Y-19.3111
G1 X56.2483 Y-19.3827
G1 X56.0708 Y-19.4567
G1 X55.8950 Y-19.5331
G1 X55.7210 Y-19.6113
G1 X55.5490 Y-19.6921
G1 X55.3786 Y-19.7752
G1 X55.2105 Y-19.8605
G1 X55.0436 Y-19.9481
G1 X54.8792 Y-20.0376
G1 X54.7162 Y-20.1295
G1 X54.5551 Y-20.2237
G1 X54.3959 Y-20.3203
G1 X54.2384 Y-20.4191
G1 X54.0829 Y-20.5202
G1 X53.9290 Y-20.6233
G1 X53.7774 Y-20.7287
G1 X53.6273 Y-20.8364
G1 X53.4792 Y-20.9464
G1 X53.3326 Y-21.0586
G1 X53.1881 Y-21.1732
G1 X53.0456 Y-21.2898
G1 X52.9046 Y-21.4089
G1 X52.7657 Y-21.5301
G1 X52.6285 Y-21.6535
G1 X52.4932 Y-21.7792
G1 X52.3596 Y-21.9072
G1 X52.2282 Y-22.0375
G1 X52.0984 Y-22.1699
G1 X51.9704 Y-22.3045
G1 X51.8444 Y-22.4417
G1 X51.7202 Y-22.5809
G1 X51.5981 Y-22.7221
G1 X51.4774 Y-22.8658
G1 X51.3588 Y-23.0116
G1 X51.2420 Y-23.1600
G1 X51.1269 Y-23.3103
G1 X51.0141 Y-23.4630
G1 X50.9026 Y-23.6179
G1 X50.7934 Y-23.7749
G1 X50.6857 Y-23.9342
G1 X50.5798 Y-24.0960
G1 X50.4759 Y-24.2598
G1 X50.3740 Y-24.4257
G1 X50.2735 Y-24.5941
G1 X50.1752 Y-24.7647
G1 X50.0789 Y-24.9375
G1 X49.9842 Y-25.1125
G1 X49.8912 Y-25.2895
G1 X49.8003 Y-25.4688
G1 X49.7111 Y-25.6504
G1 X49.6235 Y-25.8346
G1 X49.5384 Y-26.0208
G1 X49.4543 Y-26.2090
G1 X49.3728 Y-26.3995
G1 X49.2925 Y-26.5925
G1 X49.2143 Y-26.7876
G1 X49.1381 Y-26.9847
G1 X49.0637 Y-27.1841
G1 X48.9905 Y-27.3860
G1 X48.9196 Y-27.5900
G1 X48.8648 Y-27.7531
G1 X48.8112 Y-27.9184
G1 X48.7586 Y-28.0850
G1 X48.7070 Y-28.2539
G1 X48.6565 Y-28.4244
G1 X48.6072 Y-28.5968
G1 X48.5592 Y-28.7708
G1 X48.5120 Y-28.9469
G1 X48.4662 Y-29.1239
G1 X48.4213 Y-29.3032
G1 X48.3779 Y-29.4838
G1 X48.3352 Y-29.6662
G1 X48.2938 Y-29.8503
G1 X48.2537 Y-30.0358
G1 X48.2145 Y-30.2230
G1 X48.1767 Y-30.4117
G1 X48.1399 Y-30.6017
G1 X48.1046 Y-30.7932
G1 X48.0700 Y-30.9865
G1 X48.0367 Y-31.1810
G1 X48.0050 Y-31.3769
G1 X47.9740 Y-31.5740
G1 X47.9443 Y-31.7726
G1 X47.9161 Y-31.9728
G1 X47.8887 Y-32.1739
G1 X47.8627 Y-32.3766
G1 X47.8379 Y-32.5801
G1 X47.8142 Y-32.7853
G1 X47.7919 Y-32.9916
G1 X47.7705 Y-33.1991
G1 X47.7507 Y-33.4079
G1 X47.7319 Y-33.6182
G1 X47.7159 Y-33.8206
G1 X47.7060 Y-33.9943
G1 X47.7017 Y-34.1424
G1 X47.7035 Y-34.2674
G1 X47.7109 Y-34.3565
G1 X47.7134 Y-34.3741
G1 X47.7266 Y-34.4386
G1 X47.7373 Y-34.4711
G1 X47.7563 Y-34.5128
G1 X47.7700 Y-34.5366
G1 X47.7878 Y-34.5575
G1 X47.8000 Y-34.5681
G1 X47.8252 Y-34.5879
G1 X47.8483 Y-34.6029
G1 X47.8737 Y-34.6133
G1 X47.9006 Y-34.6192
G1 X47.9283 Y-34.6197
G1 X47.9555 Y-34.6154
G1 X47.9814 Y-34.6060
G1 X48.0055 Y-34.5918
G1 X48.0372 Y-34.5689
G1 X48.0649 Y-34.5432
G1 X48.1305 Y-34.4640
G1 X48.2128 Y-34.3507
G1 X48.3037 Y-34.2141
G1 X48.4993 Y-33.9098
G1 X53.0606 Y-26.8666
G1 X54.2991 Y-24.9497
G1 X54.6222 Y-24.4518
G1 X54.9168 Y-24.0012
G1 X55.1612 Y-23.6334
G1 X55.2714 Y-23.4719
G1 X55.3240 Y-23.3970
G1 X55.3679 Y-23.3368
G1 X55.4063 Y-23.2865
G1 X55.4352 Y-23.2509
G1 X55.4479 Y-23.2364
G1 X55.4601 Y-23.2237
G1 X55.4698 Y-23.2143
G1 X55.5551 Y-23.2021
G1 X55.6257 Y-23.2270
G1 X55.6748 Y-23.2776
G1 X55.6971 Y-23.3589
G1 X55.6969 Y-23.3594
G1 X55.6946 Y-23.3670
G1 X55.6923 Y-23.3723
G1 X55.6887 Y-23.3807
G1 X55.6694 Y-23.4191
G1 X55.6555 Y-23.4447
G1 X55.6230 Y-23.5013
G1 X55.6227 Y-23.5013
G1 X55.5755 Y-23.5798
G1 X55.5142 Y-23.6784
G1 X55.3918 Y-23.8714
G1 X55.2280 Y-24.1262
G1 X54.8472 Y-24.7139
G1 X53.9361 Y-26.1175
G1 X53.2940 Y-27.1107
G1 X49.4139 Y-33.1018
G1 X48.8259 Y-34.0152
G1 X48.5516 Y-34.4454
G1 X48.3573 Y-34.7530
G1 X48.3131 Y-34.8244
G1 X48.2803 Y-34.8785
G1 X48.2564 Y-34.9197
G1 X48.2496 Y-34.9331
G1 X48.2394 Y-34.9588
G1 X48.2341 Y-34.9857
G1 X48.2336 Y-35.0134
G1 X48.2384 Y-35.0406
G1 X48.2445 Y-35.0581
G1 X48.2486 Y-35.0680
; Retract
G1 Z2.5400 F2540

; Path 1
; Rapid to initial position
G1 X48.8142 Y-35.4188 F2540
G1 Z0.0000
; plunge
G1 Z-3.1750 F127
; cut
G1 X48.8556 Y-35.4035 F1016
G1 X49.0037 Y-35.3474
G1 X49.1929 Y-35.2753
G1 X49.3700 Y-35.2064
G1 X49.5455 Y-35.1361
G1 X49.7197 Y-35.0644
G1 X49.8937 Y-34.9915
G1 X50.0659 Y-34.9169
G1 X50.2384 Y-34.8409
G1 X50.4081 Y-34.7637
G1 X50.5772 Y-34.6850
G1 X50.7459 Y-34.6047
G1 X50.9123 Y-34.5234
G1 X51.0504 Y-34.4543
G1 X51.0548 Y-34.4769
G1 X51.0677 Y-34.5206
G1 X51.0835 Y-34.5613
G1 X51.0964 Y-34.5900
G1 X51.1147 Y-34.6227
G1 X51.1404 Y-34.6616
G1 X50.9773 Y-34.7241
G1 X50.7972 Y-34.7919
G1 X50.7952 Y-34.7924
G1 X50.6151 Y-34.8597
G1 X50.4502 Y-34.9194
G1 X50.2844 Y-34.9786
G1 X50.1249 Y-35.0342
G1 X49.9783 Y-35.0843
G1 X49.9725 Y-35.0858
G1 X49.8208 Y-35.1363
G1 X49.8183 Y-35.1368
G1 X49.6743 Y-35.1828
G1 X49.5430 Y-35.2237
G1 X49.5363 Y-35.2252
G1 X49.3870 Y-35.2702
G1 X49.2763 Y-35.3014
G1 X49.2648 Y-35.3040
G1 X49.1287 Y-35.3416
G1 X49.0070 Y-35.3728
G1 X48.8828 Y-35.4030
G1 X48.8142 Y-35.4188
; Retract
G1 Z2.5400 F2540

; Path 2
; Rapid to initial position
G1 X47.4840 Y-33.7066 F2540
G1 Z0.0000
; plunge
G1 Z-3.1750 F127
; cut
G1 X47.4528 Y-33.5519 F1016
G1 X47.4520 Y-33.5491
G1 X47.4083 Y-33.3256
G1 X47.4073 Y-33.3223
G1 X47.3639 Y-33.0939
G1 X47.3189 Y-32.8534
G1 X47.3187 Y-32.8521
G1 X47.2758 Y-32.6151
G1 X47.2338 Y-32.3799
G1 X47.2333 Y-32.3748
G1 X47.1914 Y-32.1323
G1 X47.1810 Y-32.0708
G1 X47.1947 Y-32.0845
G1 X47.2239 Y-32.1089
G1 X47.2498 Y-32.1269
G1 X47.2836 Y-32.1462
G1 X47.3136 Y-32.1597
G1 X47.3502 Y-32.1724
G1 X47.3842 Y-32.1808
G1 X47.4228 Y-32.1864
G1 X47.4533 Y-32.1876
G1 X47.4916 Y-32.1866
G1 X47.5148 Y-32.1841
G1 X47.5270 Y-32.1821
G1 X47.5638 Y-32.1737
G1 X47.5935 Y-32.1640
G1 X47.6192 Y-32.1536
G1 X47.6303 Y-32.1483
G1 X47.6514 Y-32.1366
G1 X47.6504 Y-32.1434
G1 X47.6245 Y-32.3477
G1 X47.5996 Y-32.5526
G1 X47.5755 Y-32.7594
G1 X47.5531 Y-32.9672
G1 X47.5318 Y-33.1762
G1 X47.5115 Y-33.3865
G1 X47.4927 Y-33.5994
G1 X47.4840 Y-33.7066
G1 X47.4434 Y-32.8658
G1 X47.4365 Y-32.8298
G1 X47.4363 Y-32.8285
G1 X47.3939 Y-32.5938
G1 X47.3527 Y-32.3624
G1 X47.3517 Y-32.3545
G1 X47.3413 Y-32.2936
G1 X47.3669 Y-32.2997
G1 X47.4177 Y-32.3063
G1 X47.4566 Y-32.3075
G1 X47.5049 Y-32.3060
G1 X47.5089 Y-32.3055
G1 X47.5054 Y-32.3332
G1 X47.4805 Y-32.5387
G1 X47.4561 Y-32.7464
G1 X47.4434 Y-32.8658
G1 X47.4510 Y-32.0678
G1 X47.4784 Y-32.0672
G1 X47.5016 Y-32.0647
G1 X47.5285 Y-32.0589
G1 X47.5483 Y-32.0528
G1 X47.5739 Y-32.0424
G1 X47.5940 Y-32.0317
G1 X47.6171 Y-32.0167
G1 X47.6349 Y-32.0027
G1 X47.6547 Y-31.9837
G1 X47.6687 Y-31.9677
G1 X47.6849 Y-31.9453
G1 X47.6961 Y-31.9265
G1 X47.7081 Y-31.9016
G1 X47.7164 Y-31.8788
G1 X47.7258 Y-31.8376
G1 X47.7462 Y-31.7002
G1 X47.7876 Y-31.4279
G1 X47.8094 Y-31.2936
G1 X47.8541 Y-31.0251
G1 X47.8767 Y-30.8938
G1 X47.8770 Y-30.8938
G1 X47.9245 Y-30.6316
G1 X47.9740 Y-30.3720
G1 X47.9994 Y-30.2443
G1 X47.9996 Y-30.2443
G1 X48.0522 Y-29.9893
G1 X48.0792 Y-29.8640
G1 X48.1348 Y-29.6136
G1 X48.1620 Y-29.4958
G1 X48.1637 Y-29.4902
G1 X48.1929 Y-29.3667
G1 X48.2222 Y-29.2453
G1 X48.2224 Y-29.2453
G1 X48.2526 Y-29.1234
G1 X48.2826 Y-29.0048
G1 X48.2831 Y-29.0035
G1 X48.3144 Y-28.8836
G1 X48.3459 Y-28.7645
G1 X48.3779 Y-28.6464
G1 X48.4104 Y-28.5295
G1 X48.4782 Y-28.2936
G1 X48.4787 Y-28.2910
G1 X48.5115 Y-28.1810
G1 X48.5463 Y-28.0667
G1 X48.6176 Y-27.8381
G1 X48.6174 Y-27.8381
G1 X48.6534 Y-27.7269
G1 X48.6537 Y-27.7269
G1 X48.6905 Y-27.6151
G1 X48.7279 Y-27.5041
G1 X48.7657 Y-27.3939
G1 X48.8046 Y-27.2826
G1 X48.8053 Y-27.2799
G1 X48.8820 Y-27.0678
G1 X48.9222 Y-26.9603
G1 X48.9628 Y-26.8534
G1 X49.0040 Y-26.7467
G1 X49.0037 Y-26.7467
G1 X49.0451 Y-26.6421
G1 X49.0873 Y-26.5372
G1 X49.1300 Y-26.4325
G1 X49.2163 Y-26.2275
G1 X49.2166 Y-26.2275
G1 X49.2610 Y-26.1249
G1 X49.2608 Y-26.1249
G1 X49.3055 Y-26.0241
G1 X49.3502 Y-25.9245
G1 X49.4431 Y-25.7233
G1 X49.4429 Y-25.7233
G1 X49.4896 Y-25.6258
G1 X49.5371 Y-25.5278
G1 X49.5856 Y-25.4292
G1 X49.6336 Y-25.3329
G1 X49.7319 Y-25.1419
G1 X49.7820 Y-25.0472
G1 X49.8325 Y-24.9532
G1 X49.8841 Y-24.8590
G1 X49.9356 Y-24.7663
G1 X49.9880 Y-24.6741
G1 X50.0413 Y-24.5814
G1 X50.1279 Y-24.4340
G1 X50.2163 Y-24.2877
G1 X50.3075 Y-24.1412
G1 X50.3994 Y-23.9961
G1 X50.3992 Y-23.9961
G1 X50.4896 Y-23.8580
G1 X50.5813 Y-23.7213
G1 X50.5836 Y-23.7185
G1 X50.6804 Y-23.5778
G1 X50.6809 Y-23.5770
G1 X50.7746 Y-23.4442
G1 X50.8719 Y-23.3098
G1 X50.8729 Y-23.3086
G1 X50.9702 Y-23.1775
G1 X51.0705 Y-23.0464
G1 X51.1703 Y-22.9187
G1 X51.1729 Y-22.9156
G1 X51.2740 Y-22.7899
G1 X51.3781 Y-22.6639
G1 X51.4825 Y-22.5405
G1 X51.5902 Y-22.4170
G1 X51.6981 Y-22.2959
G1 X51.8056 Y-22.1788
G1 X51.9156 Y-22.0617
G1 X52.0273 Y-21.9464
G1 X52.1414 Y-21.8313
G1 X52.2539 Y-21.7206
G1 X52.3697 Y-21.6101
G1 X52.4876 Y-21.5003
G1 X52.6054 Y-21.3939
G1 X52.7235 Y-21.2893
G1 X52.8442 Y-21.1859
G1 X52.9689 Y-21.0817
G1 X52.9687 Y-21.0815
G1 X53.0890 Y-20.9837
G1 X53.0890 Y-20.9840
G1 X53.2150 Y-20.8844
G1 X53.2150 Y-20.8841
G1 X53.3410 Y-20.7874
G1 X53.4670 Y-20.6934
G1 X53.5958 Y-20.5999
G1 X53.7253 Y-20.5082
G1 X53.8582 Y-20.4170
G1 X53.9895 Y-20.3294
G1 X54.1238 Y-20.2423
G1 X54.1238 Y-20.2425
G1 X54.2610 Y-20.1562
G1 X54.3956 Y-20.0739
G1 X54.5351 Y-19.9913
G1 X54.6735 Y-19.9118
G1 X54.8173 Y-19.8316
G1 X54.8183 Y-19.8308
G1 X54.9565 Y-19.7561
G1 X55.1015 Y-19.6802
G1 X55.2455 Y-19.6070
G1 X55.3951 Y-19.5334
G1 X55.5376 Y-19.4653
G1 X55.5394 Y-19.4645
G1 X55.6918 Y-19.3944
G1 X55.6923 Y-19.3942
G1 X55.8427 Y-19.3271
G1 X55.9928 Y-19.2623
G1 X56.1452 Y-19.1991
G1 X56.3021 Y-19.1361
G1 X56.4561 Y-19.0762
G1 X56.6143 Y-19.0172
G1 X56.7736 Y-18.9598
G1 X56.9361 Y-18.9034
G1 X57.0967 Y-18.8498
G1 X57.2630 Y-18.7963
G1 X57.2630 Y-18.7960
G1 X57.4251 Y-18.7462
G1 X57.5912 Y-18.6972
G1 X57.7606 Y-18.6492
G1 X57.9300 Y-18.6032
G1 X58.1025 Y-18.5583
G1 X58.1030 Y-18.5580
G1 X58.2734 Y-18.5158
G1 X58.2734 Y-18.5156
G1 X58.5196 Y-18.4564
G1 X58.7220 Y-18.4094
G1 X58.8073 Y-18.3901
G1 X58.8802 Y-18.3744
G1 X58.9049 Y-18.3693
G1 X58.9112 Y-18.4315
G1 X58.9305 Y-18.6195
G1 X58.9305 Y-18.6212
G1 X58.9470 Y-18.7881
G1 X58.9468 Y-18.7881
G1 X58.9618 Y-18.9550
G1 X58.9618 Y-18.9565
G1 X58.9758 Y-19.1259
G1 X58.9885 Y-19.2969
G1 X58.9994 Y-19.4645
G1 X58.9991 Y-19.4686
G1 X59.0090 Y-19.6416
G1 X59.0177 Y-19.8153
G1 X59.0248 Y-19.9898
G1 X59.0306 Y-20.1648
G1 X59.0352 Y-20.3406
G1 X59.0385 Y-20.5130
G1 X59.0382 Y-20.5161
G1 X59.0400 Y-20.6924
G1 X59.0408 Y-20.8676
G1 X59.0400 Y-21.0434
G1 X59.0380 Y-21.2207
G1 X59.0382 Y-21.2230
G1 X59.0347 Y-21.3934
G1 X59.0301 Y-21.5671
G1 X59.0240 Y-21.7409
G1 X59.0169 Y-21.9128
G1 X59.0083 Y-22.0843
G1 X58.9984 Y-22.2565
G1 X58.9986 Y-22.2603
G1 X58.9877 Y-22.4231
G1 X58.9752 Y-22.5903
G1 X58.9615 Y-22.7579
G1 X58.9615 Y-22.7597
G1 X58.9473 Y-22.9184
G1 X58.9470 Y-22.9192
G1 X58.9305 Y-23.0833
G1 X58.9305 Y-23.0845
G1 X58.9138 Y-23.2397
G1 X58.9135 Y-23.2407
G1 X58.8952 Y-23.3977
G1 X58.8950 Y-23.3977
G1 X58.8754 Y-23.5522
G1 X58.8543 Y-23.7048
G1 X58.8322 Y-23.8544
G1 X58.8320 Y-23.8544
G1 X58.8086 Y-24.0012
G1 X58.7860 Y-24.1351
G1 X58.7855 Y-24.1366
G1 X58.7614 Y-24.2730
G1 X58.7611 Y-24.2753
G1 X58.7380 Y-24.3992
G1 X58.7367 Y-24.4038
G1 X58.7106 Y-24.5379
G1 X58.6842 Y-24.6682
G1 X58.6562 Y-24.7995
G1 X58.6268 Y-24.9324
G1 X58.6265 Y-24.9342
G1 X58.5975 Y-25.0596
G1 X58.5666 Y-25.1889
G1 X58.5346 Y-25.3172
G1 X58.5013 Y-25.4457
G1 X58.4675 Y-25.5717
G1 X58.4332 Y-25.6959
G1 X58.4324 Y-25.6977
G1 X58.3966 Y-25.8227
G1 X58.3593 Y-25.9481
G1 X58.3212 Y-26.0728
G1 X58.2823 Y-26.1953
G1 X58.2427 Y-26.3174
G1 X58.2425 Y-26.3174
G1 X58.2011 Y-26.4404
G1 X58.2013 Y-26.4404
G1 X58.1586 Y-26.5628
G1 X58.1586 Y-26.5633
G1 X58.1162 Y-26.6822
G1 X58.0725 Y-26.8008
G1 X58.0276 Y-26.9199
G1 X57.9829 Y-27.0353
G1 X57.9816 Y-27.0378
G1 X57.9338 Y-27.1567
G1 X57.8856 Y-27.2738
G1 X57.8858 Y-27.2738
G1 X57.8373 Y-27.3888
G1 X57.7893 Y-27.4993
G1 X57.7865 Y-27.5049
G1 X57.7360 Y-27.6192
G1 X57.7357 Y-27.6192
G1 X57.6834 Y-27.7335
G1 X57.6296 Y-27.8483
G1 X57.5760 Y-27.9598
G1 X57.5201 Y-28.0733
G1 X57.4645 Y-28.1836
G1 X57.4073 Y-28.2943
G1 X57.3494 Y-28.4041
G1 X57.2897 Y-28.5140
G1 X57.2287 Y-28.6240
G1 X57.1698 Y-28.7279
G1 X57.1680 Y-28.7304
G1 X57.1050 Y-28.8389
G1 X57.0415 Y-28.9458
G1 X56.9773 Y-29.0520
G1 X56.9125 Y-29.1564
G1 X56.8460 Y-29.2611
G1 X56.7779 Y-29.3665
G1 X56.7103 Y-29.4686
G1 X56.6400 Y-29.5725
G1 X56.5701 Y-29.6733
G1 X56.4985 Y-29.7749
G1 X56.4258 Y-29.8757
G1 X56.3512 Y-29.9771
G1 X56.2765 Y-30.0766
G1 X56.2011 Y-30.1749
G1 X56.1233 Y-30.2745
G1 X56.0471 Y-30.3705
G1 X56.0469 Y-30.3703
G1 X55.9702 Y-30.4648
G1 X55.9679 Y-30.4670
G1 X55.8876 Y-30.5638
G1 X55.8063 Y-30.6598
G1 X55.7235 Y-30.7558
G1 X55.7238 Y-30.7561
G1 X55.6420 Y-30.8486
G1 X55.5582 Y-30.9420
G1 X55.4723 Y-31.0360
G1 X55.4726 Y-31.0363
G1 X55.3852 Y-31.1297
G1 X55.3839 Y-31.1313
G1 X55.2999 Y-31.2196
G1 X55.2153 Y-31.3065
G1 X55.1284 Y-31.3941
G1 X55.0398 Y-31.4818
G1 X54.9499 Y-31.5692
G1 X54.8592 Y-31.6553
G1 X54.7670 Y-31.7414
G1 X54.7657 Y-31.7421
G1 X54.6689 Y-31.8303
G1 X54.5724 Y-31.9169
G1 X54.4744 Y-32.0032
G1 X54.3751 Y-32.0888
G1 X54.2724 Y-32.1762
G1 X54.2699 Y-32.1790
G1 X54.1716 Y-32.2605
G1 X54.0690 Y-32.3446
G1 X53.9633 Y-32.4295
G1 X53.8584 Y-32.5125
G1 X53.7522 Y-32.5951
G1 X53.6445 Y-32.6774
G1 X53.5366 Y-32.7586
G1 X53.4276 Y-32.8392
G1 X53.3184 Y-32.9184
G1 X53.2064 Y-32.9982
G1 X53.2049 Y-32.9997
G1 X53.1007 Y-33.0726
G1 X53.0977 Y-33.0744
G1 X52.9854 Y-33.1516
G1 X52.8744 Y-33.2268
G1 X52.7639 Y-33.2999
G1 X52.6529 Y-33.3723
G1 X52.5409 Y-33.4434
G1 X52.4284 Y-33.5138
G1 X52.3164 Y-33.5824
G1 X52.2049 Y-33.6494
G1 X52.0957 Y-33.7137
G1 X52.0957 Y-33.7134
G1 X51.6567 Y-33.9636
G1 X51.5516 Y-34.0248
G1 X51.4721 Y-34.0726
G1 X51.4236 Y-34.1048
G1 X51.4043 Y-34.1196
G1 X51.3745 Y-34.1450
G1 X51.3550 Y-34.1645
G1 X51.3395 Y-34.1836
G1 X51.3164 Y-34.2196
G1 X51.3062 Y-34.2405
G1 X51.2956 Y-34.2661
G1 X51.2887 Y-34.2877
G1 X51.2831 Y-34.3146
G1 X51.2808 Y-34.3367
G1 X51.2803 Y-34.3644
G1 X51.2818 Y-34.3865
G1 X51.2864 Y-34.4137
G1 X51.2923 Y-34.4358
G1 X51.3032 Y-34.4650
G1 X51.3083 Y-34.4767
G1 X51.3177 Y-34.4945
G1 X51.3321 Y-34.5178
G1 X51.3451 Y-34.5349
G1 X51.3636 Y-34.5554
G1 X51.3809 Y-34.5712
G1 X51.4030 Y-34.5877
G1 X51.4215 Y-34.5991
G1 X51.4462 Y-34.6113
G1 X51.4662 Y-34.6192
G1 X51.4927 Y-34.6268
G1 X51.5137 Y-34.6309
G1 X51.5412 Y-34.6337
G1 X51.5643 Y-34.6337
G1 X51.5920 Y-34.6311
G1 X51.6103 Y-34.6281
G1 X51.6321 Y-34.6225
G1 X51.8058 Y-34.5697
G1 X51.8279 Y-34.5615
G1 X51.8843 Y-34.5374
G1 X51.9148 Y-34.5249
G1 X52.0583 Y-34.4691
G1 X52.3461 Y-34.3619
G1 X52.6537 Y-34.2496
G1 X52.6570 Y-34.2481
G1 X53.0443 Y-34.1084
G1 X53.2196 Y-34.0487
G1 X53.4192 Y-33.9867
G1 X53.4192 Y-33.9870
G1 X53.6301 Y-33.9273
G1 X53.8510 Y-33.8694
G1 X54.0756 Y-33.8150
G1 X54.3006 Y-33.7652
G1 X54.3027 Y-33.7647
G1 X54.5099 Y-33.7236
G1 X54.7078 Y-33.6893
G1 X54.8071 Y-33.6753
G1 X54.9133 Y-33.6629
G1 X54.9133 Y-33.6631
G1 X55.0248 Y-33.6532
G1 X55.0248 Y-33.6530
G1 X55.1404 Y-33.6451
G1 X55.2676 Y-33.6390
G1 X55.3941 Y-33.6347
G1 X55.5140 Y-33.6326
G1 X55.5168 Y-33.6329
G1 X55.6491 Y-33.6329
G1 X55.6509 Y-33.6326
G1 X55.7718 Y-33.6347
G1 X55.8978 Y-33.6390
G1 X56.0250 Y-33.6453
G1 X56.1409 Y-33.6530
G1 X56.1409 Y-33.6532
G1 X56.2508 Y-33.6629
G1 X56.3601 Y-33.6751
G1 X56.4573 Y-33.6885
G1 X56.5452 Y-33.7035
G1 X56.6626 Y-33.7274
G1 X56.7893 Y-33.7561
G1 X56.9095 Y-33.7861
G1 X57.0403 Y-33.8216
G1 X57.1693 Y-33.8595
G1 X57.3044 Y-33.9016
G1 X57.4418 Y-33.9471
G1 X57.4421 Y-33.9471
G1 X57.5757 Y-33.9941
G1 X57.7121 Y-34.0444
G1 X57.8546 Y-34.0995
G1 X57.9897 Y-34.1541
G1 X58.1287 Y-34.2128
G1 X58.2696 Y-34.2753
G1 X58.4088 Y-34.3393
G1 X58.5470 Y-34.4056
G1 X58.6824 Y-34.4731
G1 X58.7875 Y-34.5275
G1 X58.8919 Y-34.5829
G1 X58.9900 Y-34.6367
G1 X59.0918 Y-34.6944
G1 X59.1904 Y-34.7518
G1 X59.2884 Y-34.8110
G1 X59.3834 Y-34.8696
G1 X59.4789 Y-34.9306
G1 X59.5747 Y-34.9933
G1 X59.6661 Y-35.0553
G1 X59.7596 Y-35.1203
G1 X59.8510 Y-35.1861
G1 X59.8510 Y-35.1859
G1 X59.9382 Y-35.2501
G1 X60.0263 Y-35.3172
G1 X60.1137 Y-35.3855
G1 X60.1995 Y-35.4548
G1 X60.2872 Y-35.5275
G1 X60.2894 Y-35.5290
G1 X60.3695 Y-35.5973
G1 X60.4507 Y-35.6685
G1 X60.5325 Y-35.7424
G1 X60.6128 Y-35.8170
G1 X60.6920 Y-35.8925
G1 X60.7700 Y-35.9692
G1 X60.8470 Y-36.0472
G1 X60.9227 Y-36.1262
G1 X60.9984 Y-36.2074
G1 X61.0735 Y-36.2903
G1 X61.0761 Y-36.2925
G1 X61.1434 Y-36.3695
G1 X61.2150 Y-36.4531
G1 X61.2866 Y-36.5394
G1 X61.3534 Y-36.6217
G1 X61.3545 Y-36.6232
G1 X61.4223 Y-36.7096
G1 X61.4906 Y-36.7993
G1 X61.5554 Y-36.8869
G1 X61.6212 Y-36.9783
G1 X61.6214 Y-36.9781
G1 X61.6839 Y-37.0680
G1 X61.7464 Y-37.1602
G1 X61.8081 Y-37.2542
G1 X61.8706 Y-37.3520
G1 X61.8714 Y-37.3530
G1 X61.9280 Y-37.4449
G1 X61.9859 Y-37.5412
G1 X61.9862 Y-37.5417
G1 X62.0436 Y-37.6403
G1 X62.1007 Y-37.7411
G1 X62.1541 Y-37.8384
G1 X62.1546 Y-37.8396
G1 X62.2094 Y-37.9433
G1 X62.2615 Y-38.0444
G1 X62.3136 Y-38.1490
G1 X62.3651 Y-38.2554
G1 X62.4144 Y-38.3616
G1 X62.4147 Y-38.3616
G1 X62.4627 Y-38.4680
G1 X62.5102 Y-38.5768
G1 X62.5554 Y-38.6842
G1 X62.5566 Y-38.6875
G1 X62.6029 Y-38.8003
G1 X62.6468 Y-38.9120
G1 X62.6471 Y-38.9120
G1 X62.6900 Y-39.0248
G1 X62.7322 Y-39.1396
G1 X62.7733 Y-39.2560
G1 X62.8134 Y-39.3728
G1 X62.8526 Y-39.4919
G1 X62.8904 Y-39.6118
G1 X62.9277 Y-39.7342
G1 X62.9280 Y-39.7342
G1 X62.9633 Y-39.8551
G1 X62.9630 Y-39.8551
G1 X62.9986 Y-39.9816
G1 X62.9996 Y-39.9842
G1 X63.0319 Y-40.1036
G1 X63.0735 Y-40.2648
G1 X63.0733 Y-40.2648
G1 X63.1139 Y-40.4305
G1 X63.1149 Y-40.4332
G1 X63.1515 Y-40.5905
G1 X63.1881 Y-40.7568
G1 X63.1878 Y-40.7568
G1 X63.2226 Y-40.9250
G1 X63.2559 Y-41.0964
G1 X63.2879 Y-41.2707
G1 X63.3184 Y-41.4505
G1 X63.3186 Y-41.4505
G1 X63.3476 Y-41.6319
G1 X63.3753 Y-41.8188
G1 X63.4020 Y-42.0116
G1 X63.4017 Y-42.0116
G1 X63.4276 Y-42.2118
G1 X63.4284 Y-42.2151
G1 X63.4522 Y-42.4129
G1 X63.4520 Y-42.4129
G1 X63.4756 Y-42.6230
G1 X63.4982 Y-42.8384
G1 X63.4982 Y-42.8399
G1 X63.5201 Y-43.0654
G1 X63.5203 Y-43.0667
G1 X63.5277 Y-43.1549
G1 X63.5356 Y-43.2590
G1 X63.5424 Y-43.3654
G1 X63.5422 Y-43.3695
G1 X63.5488 Y-43.4904
G1 X63.5549 Y-43.6184
G1 X63.5653 Y-43.8981
G1 X63.5698 Y-44.0469
G1 X63.5739 Y-44.1998
G1 X63.5803 Y-44.5198
G1 X63.5825 Y-44.6811
G1 X63.5823 Y-44.6844
G1 X63.5841 Y-44.8513
G1 X63.5864 Y-45.1896
G1 X63.5866 Y-45.3591
G1 X63.5864 Y-45.5280
G1 X63.5841 Y-45.8625
G1 X63.5823 Y-46.0268
G1 X63.5825 Y-46.0291
G1 X63.5772 Y-46.3413
G1 X63.5698 Y-46.6392
G1 X63.5653 Y-46.7792
G1 X63.5602 Y-46.9120
G1 X63.5546 Y-47.0380
G1 X63.5488 Y-47.1571
G1 X63.5488 Y-47.1587
G1 X63.5424 Y-47.2625
G1 X63.5427 Y-47.2625
G1 X63.5353 Y-47.3611
G1 X63.5284 Y-47.4447
G1 X63.5282 Y-47.4459
G1 X63.5206 Y-47.5221
G1 X63.5008 Y-47.6918
G1 X63.4794 Y-47.8635
G1 X63.4797 Y-47.8635
G1 X63.4581 Y-48.0276
G1 X63.4573 Y-48.0311
G1 X63.4337 Y-48.2008
G1 X63.4096 Y-48.3690
G1 X63.3834 Y-48.5394
G1 X63.3834 Y-48.5409
G1 X63.3573 Y-48.7060
G1 X63.3288 Y-48.8749
G1 X63.3001 Y-49.0416
G1 X63.2694 Y-49.2100
G1 X63.2696 Y-49.2100
G1 X63.2384 Y-49.3773
G1 X63.2056 Y-49.5435
G1 X63.2059 Y-49.5435
G1 X63.1726 Y-49.7086
G1 X63.1380 Y-49.8742
G1 X63.1378 Y-49.8742
G1 X63.1022 Y-50.0395
G1 X63.0654 Y-50.2041
G1 X63.0276 Y-50.3685
G1 X63.0273 Y-50.3685
G1 X62.9884 Y-50.5318
G1 X62.9483 Y-50.6951
G1 X62.9074 Y-50.8564
G1 X62.9069 Y-50.8577
G1 X62.8642 Y-51.0217
G1 X62.8637 Y-51.0245
G1 X62.8218 Y-51.1813
G1 X62.7774 Y-51.3425
G1 X62.7771 Y-51.3425
G1 X62.7319 Y-51.5026
G1 X62.6854 Y-51.6623
G1 X62.6379 Y-51.8216
G1 X62.5889 Y-51.9819
G1 X62.5886 Y-51.9834
G1 X62.5401 Y-52.1376
G1 X62.4893 Y-52.2956
G1 X62.4896 Y-52.2956
G1 X62.4380 Y-52.4513
G1 X62.4378 Y-52.4513
G1 X62.3847 Y-52.6087
G1 X62.3842 Y-52.6108
G1 X62.3316 Y-52.7632
G1 X62.3319 Y-52.7632
G1 X62.2778 Y-52.9161
G1 X62.2219 Y-53.0697
G1 X62.1650 Y-53.2237
G1 X62.1078 Y-53.3745
G1 X62.0497 Y-53.5257
G1 X61.9910 Y-53.6740
G1 X61.9900 Y-53.6763
G1 X61.9300 Y-53.8251
G1 X61.9298 Y-53.8251
G1 X61.8675 Y-53.9755
G1 X61.8663 Y-53.9798
G1 X61.8086 Y-54.1170
G1 X61.8061 Y-54.1218
G1 X61.7428 Y-54.2686
G1 X61.6783 Y-54.4154
G1 X61.6786 Y-54.4154
G1 X61.6135 Y-54.5600
G1 X61.5478 Y-54.7040
G1 X61.4804 Y-54.8480
G1 X61.4131 Y-54.9895
G1 X61.4129 Y-54.9895
G1 X61.3438 Y-55.1315
G1 X61.2747 Y-55.2707
G1 X61.2038 Y-55.4101
G1 X61.1315 Y-55.5503
G1 X61.1309 Y-55.5518
G1 X61.0598 Y-55.6865
G1 X61.0601 Y-55.6865
G1 X60.9890 Y-55.8193
G1 X60.9872 Y-55.8216
G1 X60.9125 Y-55.9575
G1 X60.9128 Y-55.9575
G1 X60.8383 Y-56.0906
G1 X60.7624 Y-56.2237
G1 X60.7621 Y-56.2237
G1 X60.6852 Y-56.3562
G1 X60.6077 Y-56.4871
G1 X60.5295 Y-56.6163
G1 X60.4507 Y-56.7436
G1 X60.3707 Y-56.8709
G1 X60.2902 Y-56.9966
G1 X60.2084 Y-57.1213
G1 X60.1254 Y-57.2455
G1 X60.1256 Y-57.2455
G1 X60.0459 Y-57.3623
G1 X59.9661 Y-57.4766
G1 X59.9658 Y-57.4766
G1 X59.8835 Y-57.5922
G1 X59.8015 Y-57.7042
G1 X59.8013 Y-57.7042
G1 X59.7167 Y-57.8175
G1 X59.7169 Y-57.8175
G1 X59.6326 Y-57.9277
G1 X59.5465 Y-58.0380
G1 X59.4584 Y-58.1480
G1 X59.3717 Y-58.2544
G1 X59.2816 Y-58.3621
G1 X59.1932 Y-58.4657
G1 X59.1028 Y-58.5694
G1 X59.0111 Y-58.6722
G1 X58.9204 Y-58.7715
G1 X58.8284 Y-58.8703
G1 X58.7357 Y-58.9676
G1 X58.6425 Y-59.0631
G1 X58.5480 Y-59.1579
G1 X58.4551 Y-59.2491
G1 X58.3616 Y-59.3385
G1 X58.2653 Y-59.4279
G1 X58.1708 Y-59.5142
G1 X58.0776 Y-59.5973
G1 X57.9829 Y-59.6791
G1 X57.8874 Y-59.7593
G1 X57.7898 Y-59.8394
G1 X57.7880 Y-59.8411
G1 X57.6984 Y-59.9123
G1 X57.6006 Y-59.9879
G1 X57.5092 Y-60.0565
G1 X57.4116 Y-60.1276
G1 X57.3214 Y-60.1911
G1 X57.2300 Y-60.2534
G1 X57.1132 Y-60.3288
G1 X56.9882 Y-60.4053
G1 X56.8637 Y-60.4771
G1 X56.7294 Y-60.5508
G1 X56.5932 Y-60.6217
G1 X56.4563 Y-60.6895
G1 X56.3131 Y-60.7571
G1 X56.3131 Y-60.7568
G1 X56.1721 Y-60.8195
G1 X56.0273 Y-60.8808
G1 X55.8930 Y-60.9349
G1 X55.8914 Y-60.9351
G1 X55.7527 Y-60.9872
G1 X55.6103 Y-61.0370
G1 X55.4810 Y-61.0789
G1 X55.3522 Y-61.1165
G1 X55.2346 Y-61.1475
G1 X55.1109 Y-61.1756
G1 X54.9615 Y-61.2041
G1 X54.7964 Y-61.2305
G1 X54.6148 Y-61.2551
G1 X54.4243 Y-61.2775
G1 X54.2227 Y-61.2973
G1 X54.2214 Y-61.2976
G1 X54.0200 Y-61.3143
G1 X53.8160 Y-61.3283
G1 X53.8127 Y-61.3280
G1 X53.5991 Y-61.3395
G1 X53.3903 Y-61.3479
G1 X53.1919 Y-61.3529
G1 X53.1896 Y-61.3527
G1 X52.9885 Y-61.3545
G1 X52.7952 Y-61.3527
G1 X52.7936 Y-61.3529
G1 X52.6204 Y-61.3476
G1 X52.4528 Y-61.3392
G1 X52.2999 Y-61.3270
G1 X52.1703 Y-61.3118
G1 X52.0189 Y-61.2902
G1 X52.0156 Y-61.2902
G1 X51.8800 Y-61.2684
G1 X51.8800 Y-61.2681
G1 X51.7393 Y-61.2437
G1 X51.6039 Y-61.2178
G1 X51.4713 Y-61.1901
G1 X51.3474 Y-61.1614
G1 X51.3458 Y-61.1609
G1 X51.2117 Y-61.1271
G1 X51.0774 Y-61.0906
G1 X50.9422 Y-61.0509
G1 X50.8013 Y-61.0067
G1 X50.6527 Y-60.9577
G1 X50.6509 Y-60.9575
G1 X50.5000 Y-60.9054
G1 X50.3370 Y-60.8465
G1 X50.1640 Y-60.7822
G1 X49.9796 Y-60.7121
G1 X49.5536 Y-60.5457
G1 X49.3436 Y-60.4647
G1 X49.1526 Y-60.3928
G1 X48.9773 Y-60.3288
G1 X48.8158 Y-60.2732
G1 X48.6659 Y-60.2244
G1 X48.5244 Y-60.1817
G1 X48.3898 Y-60.1454
G1 X48.2597 Y-60.1152
G1 X48.1327 Y-60.0900
G1 X48.0075 Y-60.0697
G1 X47.8813 Y-60.0537
G1 X47.7525 Y-60.0413
G1 X47.6187 Y-60.0316
G1 X47.4789 Y-60.0248
G1 X47.3288 Y-60.0192
G1 X47.1556 Y-60.0146
G1 X46.9897 Y-60.0131
G1 X46.8312 Y-60.0151
G1 X46.6763 Y-60.0199
G1 X46.5262 Y-60.0291
G1 X46.3786 Y-60.0420
G1 X46.2331 Y-60.0591
G1 X46.0875 Y-60.0804
G1 X45.9428 Y-60.1061
G1 X45.7954 Y-60.1365
G1 X45.6456 Y-60.1718
G1 X45.4929 Y-60.2120
G1 X45.3344 Y-60.2569
G1 X45.1706 Y-60.3072
G1 X44.9979 Y-60.3631
G1 X44.4962 Y-60.5340
G1 X44.4962 Y-60.5338
G1 X44.3461 Y-60.5843
G1 X44.0626 Y-60.6778
G1 X43.9339 Y-60.7192
G1 X43.8074 Y-60.7586
G1 X43.6850 Y-60.7962
G1 X43.5709 Y-60.8302
G1 X43.4581 Y-60.8625
G1 X43.4574 Y-60.8627
G1 X43.3553 Y-60.8909
G1 X43.3532 Y-60.8912
G1 X43.2486 Y-60.9189
G1 X43.2486 Y-60.9191
G1 X43.1498 Y-60.9437
G1 X43.1498 Y-60.9435
G1 X43.0497 Y-60.9671
G1 X43.0497 Y-60.9674
G1 X42.9537 Y-60.9884
G1 X42.9527 Y-60.9887
G1 X42.8625 Y-61.0072
G1 X42.7728 Y-61.0243
G1 X42.6794 Y-61.0403
G1 X42.5900 Y-61.0545
G1 X42.5000 Y-61.0669
G1 X42.4109 Y-61.0779
G1 X42.3169 Y-61.0880
G1 X42.3169 Y-61.0883
G1 X42.2272 Y-61.0964
G1 X42.1295 Y-61.1040
G1 X42.1262 Y-61.1045
G1 X42.0403 Y-61.1101
G1 X42.0365 Y-61.1099
G1 X41.9344 Y-61.1152
G1 X41.8328 Y-61.1195
G1 X41.7271 Y-61.1231
G1 X41.6184 Y-61.1256
G1 X41.5099 Y-61.1274
G1 X41.5069 Y-61.1271
G1 X41.3873 Y-61.1281
G1 X41.2659 Y-61.1284
G1 X41.1122 Y-61.1279
G1 X40.9600 Y-61.1261
G1 X40.9578 Y-61.1264
G1 X40.8170 Y-61.1233
G1 X40.6758 Y-61.1190
G1 X40.5392 Y-61.1134
G1 X40.4028 Y-61.1063
G1 X40.3992 Y-61.1066
G1 X40.2793 Y-61.0987
G1 X40.2768 Y-61.0982
G1 X40.1490 Y-61.0880
G1 X40.0253 Y-61.0768
G1 X39.9072 Y-61.0644
G1 X39.7919 Y-61.0502
G1 X39.6773 Y-61.0344
G1 X39.5712 Y-61.0179
G1 X39.5702 Y-61.0177
G1 X39.4632 Y-60.9991
G1 X39.4632 Y-60.9989
G1 X39.3530 Y-60.9773
G1 X39.2511 Y-60.9557
G1 X39.1536 Y-60.9328
G1 X39.0515 Y-60.9067
G1 X38.9562 Y-60.8800
G1 X38.8546 Y-60.8495
G1 X38.8546 Y-60.8498
G1 X38.7599 Y-60.8190
G1 X38.6682 Y-60.7870
G1 X38.5808 Y-60.7545
G1 X38.5780 Y-60.7532
G1 X38.4805 Y-60.7149
G1 X38.3901 Y-60.6768
G1 X38.3004 Y-60.6369
G1 X38.2100 Y-60.5945
G1 X38.1163 Y-60.5483
G1 X38.0246 Y-60.5013
G1 X37.9346 Y-60.4530
G1 X37.8430 Y-60.4017
G1 X37.7502 Y-60.3476
G1 X37.6329 Y-60.2765
G1 X37.5130 Y-60.2005
G1 X37.3979 Y-60.1243
G1 X37.2778 Y-60.0418
G1 X37.1615 Y-59.9585
G1 X37.0411 Y-59.8693
G1 X36.9232 Y-59.7786
G1 X36.8051 Y-59.6847
G1 X36.6865 Y-59.5874
G1 X36.5704 Y-59.4886
G1 X36.4508 Y-59.3834
G1 X36.3319 Y-59.2767
G1 X36.2161 Y-59.1685
G1 X36.0970 Y-59.0547
G1 X35.9799 Y-58.9397
G1 X35.8633 Y-58.8218
G1 X35.7467 Y-58.7007
G1 X35.6349 Y-58.5815
G1 X35.6337 Y-58.5795
G1 X35.5158 Y-58.4507
G1 X35.4012 Y-58.3222
G1 X35.2885 Y-58.1922
G1 X35.1747 Y-58.0578
G1 X35.0622 Y-57.9211
G1 X34.9491 Y-57.7809
G1 X34.8417 Y-57.6448
G1 X34.8402 Y-57.6423
G1 X34.7279 Y-57.4959
G1 X34.6187 Y-57.3504
G1 X34.5102 Y-57.2021
G1 X34.4038 Y-57.0530
G1 X34.2979 Y-56.9006
G1 X34.1920 Y-56.7446
G1 X34.0886 Y-56.5889
G1 X33.9733 Y-56.4106
G1 X33.9728 Y-56.4096
G1 X33.8554 Y-56.2232
G1 X33.7416 Y-56.0372
G1 X33.6314 Y-55.8528
G1 X33.6309 Y-55.8513
G1 X33.5183 Y-55.6575
G1 X33.4086 Y-55.4639
G1 X33.3014 Y-55.2689
G1 X33.3002 Y-55.2668
G1 X33.1981 Y-55.0769
G1 X33.1968 Y-55.0735
G1 X33.0914 Y-54.8716
G1 X32.9888 Y-54.6702
G1 X32.8892 Y-54.4688
G1 X32.7904 Y-54.2633
G1 X32.6941 Y-54.0578
G1 X32.6019 Y-53.8559
G1 X32.6009 Y-53.8528
G1 X32.5074 Y-53.6423
G1 X32.4173 Y-53.4335
G1 X32.3299 Y-53.2239
G1 X32.2450 Y-53.0149
G1 X32.1615 Y-52.8025
G1 X32.1612 Y-52.8025
G1 X32.0810 Y-52.5917
G1 X32.0022 Y-52.3789
G1 X31.9265 Y-52.1668
G1 X31.8534 Y-51.9547
G1 X31.8531 Y-51.9547
G1 X31.7828 Y-51.7431
G1 X31.7149 Y-51.5313
G1 X31.6499 Y-51.3197
G1 X31.5874 Y-51.1086
G1 X31.5283 Y-50.8986
G1 X31.4719 Y-50.6900
G1 X31.4721 Y-50.6900
G1 X31.4180 Y-50.4800
G1 X31.3675 Y-50.2724
G1 X31.3207 Y-50.0708
G1 X31.3202 Y-50.0682
G1 X31.2857 Y-49.9113
G1 X31.2534 Y-49.7589
G1 X31.2529 Y-49.7576
G1 X31.2222 Y-49.6075
G1 X31.1930 Y-49.4586
G1 X31.1927 Y-49.4586
G1 X31.1650 Y-49.3113
G1 X31.1389 Y-49.1653
G1 X31.1142 Y-49.0207
G1 X31.1140 Y-49.0207
G1 X31.0909 Y-48.8775
G1 X31.0693 Y-48.7352
G1 X31.0492 Y-48.5935
G1 X31.0485 Y-48.5902
G1 X31.0299 Y-48.4520
G1 X31.0129 Y-48.3121
G1 X30.9969 Y-48.1711
G1 X30.9966 Y-48.1701
G1 X30.9822 Y-48.0304
G1 X30.9819 Y-48.0304
G1 X30.9692 Y-47.8914
G1 X30.9695 Y-47.8914
G1 X30.9573 Y-47.7487
G1 X30.9471 Y-47.6080
G1 X30.9380 Y-47.4718
G1 X30.9382 Y-47.4683
G1 X30.9306 Y-47.3225
G1 X30.9240 Y-47.1777
G1 X30.9189 Y-47.0327
G1 X30.9148 Y-46.8848
G1 X30.9123 Y-46.7421
G1 X30.9126 Y-46.7393
G1 X30.9115 Y-46.5882
G1 X30.9115 Y-46.4355
G1 X30.9128 Y-46.2785
G1 X30.9126 Y-46.2763
G1 X30.9151 Y-46.1231
G1 X30.9189 Y-45.9628
G1 X30.9237 Y-45.8005
G1 X30.9301 Y-45.6347
G1 X30.9375 Y-45.4660
G1 X30.9461 Y-45.2943
G1 X30.9568 Y-45.1061
G1 X30.9565 Y-45.1020
G1 X30.9679 Y-44.9232
G1 X30.9811 Y-44.7396
G1 X30.9956 Y-44.5567
G1 X31.0114 Y-44.3766
G1 X31.0111 Y-44.3766
G1 X31.0284 Y-44.1980
G1 X31.0464 Y-44.0207
G1 X31.0657 Y-43.8450
G1 X31.0871 Y-43.6695
G1 X31.1089 Y-43.4965
G1 X31.1320 Y-43.3273
G1 X31.1328 Y-43.3240
G1 X31.1569 Y-43.1554
G1 X31.1574 Y-43.1526
G1 X31.1574 Y-43.1523
G1 X31.1831 Y-42.9849
G1 X31.2105 Y-42.8170
G1 X31.2108 Y-42.8170
G1 X31.2392 Y-42.6507
G1 X31.2689 Y-42.4863
G1 X31.3002 Y-42.3227
G1 X31.3327 Y-42.1610
G1 X31.3665 Y-42.0007
G1 X31.4015 Y-41.8414
G1 X31.4018 Y-41.8414
G1 X31.4381 Y-41.6829
G1 X31.4378 Y-41.6829
G1 X31.4754 Y-41.5280
G1 X31.5150 Y-41.3708
G1 X31.5153 Y-41.3685
G1 X31.5537 Y-41.2217
G1 X31.5544 Y-41.2201
G1 X31.5966 Y-41.0657
G1 X31.5971 Y-41.0621
G1 X31.6380 Y-40.9186
G1 X31.6382 Y-40.9186
G1 X31.6827 Y-40.7693
G1 X31.7276 Y-40.6220
G1 X31.7739 Y-40.4767
G1 X31.8219 Y-40.3322
G1 X31.8719 Y-40.1864
G1 X31.8724 Y-40.1838
G1 X31.9209 Y-40.0477
G1 X31.9725 Y-39.9077
G1 X31.9728 Y-39.9077
G1 X32.0266 Y-39.7662
G1 X32.0271 Y-39.7642
G1 X32.0782 Y-39.6344
G1 X32.0794 Y-39.6321
G1 X32.1351 Y-39.4955
G1 X32.1912 Y-39.3624
G1 X32.2494 Y-39.2283
G1 X32.2496 Y-39.2283
G1 X32.3075 Y-39.0992
G1 X32.3680 Y-38.9697
G1 X32.4302 Y-38.8402
G1 X32.4922 Y-38.7149
G1 X32.5559 Y-38.5900
G1 X32.6215 Y-38.4660
G1 X32.6878 Y-38.3438
G1 X32.7553 Y-38.2232
G1 X32.8242 Y-38.1043
G1 X32.8953 Y-37.9849
G1 X32.8950 Y-37.9849
G1 X32.9656 Y-37.8704
G1 X33.0385 Y-37.7553
G1 X33.1119 Y-37.6425
G1 X33.1892 Y-37.5277
G1 X33.1904 Y-37.5252
G1 X33.2636 Y-37.4200
G1 X33.3408 Y-37.3113
G1 X33.4195 Y-37.2041
G1 X33.4996 Y-37.0985
G1 X33.5808 Y-36.9941
G1 X33.6629 Y-36.8915
G1 X33.7467 Y-36.7901
G1 X33.8305 Y-36.6916
G1 X33.8318 Y-36.6903
G1 X33.9192 Y-36.5905
G1 X34.0050 Y-36.4952
G1 X34.0934 Y-36.3997
G1 X34.1833 Y-36.3055
G1 X34.2798 Y-36.2072
G1 X34.3751 Y-36.1119
G1 X34.4663 Y-36.0228
G1 X34.5580 Y-35.9354
G1 X34.6479 Y-35.8516
G1 X34.6481 Y-35.8518
G1 X34.7370 Y-35.7716
G1 X34.8242 Y-35.6949
G1 X34.9151 Y-35.6174
G1 X35.0025 Y-35.5450
G1 X35.0939 Y-35.4721
G1 X35.1871 Y-35.3995
G1 X35.2796 Y-35.3299
G1 X35.3781 Y-35.2580
G1 X35.4759 Y-35.1887
G1 X35.5796 Y-35.1170
G1 X35.5798 Y-35.1168
G1 X35.6855 Y-35.0457
G1 X35.8394 Y-34.9453
G1 X35.9936 Y-34.8496
G1 X35.9936 Y-34.8498
G1 X36.1566 Y-34.7533
G1 X36.1566 Y-34.7530
G1 X36.3116 Y-34.6657
G1 X36.4724 Y-34.5793
G1 X36.6390 Y-34.4942
G1 X36.7980 Y-34.4170
G1 X36.9578 Y-34.3436
G1 X36.9578 Y-34.3438
G1 X37.1244 Y-34.2717
G1 X37.2791 Y-34.2087
G1 X37.4404 Y-34.1475
G1 X37.4404 Y-34.1473
G1 X37.6009 Y-34.0906
G1 X37.6019 Y-34.0901
G1 X37.7505 Y-34.0418
G1 X37.8998 Y-33.9976
G1 X37.9009 Y-33.9974
G1 X38.0533 Y-33.9568
G1 X38.1917 Y-33.9242
G1 X38.2748 Y-33.9090
G1 X38.3565 Y-33.8981
G1 X38.4711 Y-33.8864
G1 X38.5859 Y-33.8778
G1 X38.7213 Y-33.8701
G1 X38.8582 Y-33.8648
G1 X38.9943 Y-33.8615
G1 X38.9969 Y-33.8618
G1 X39.1447 Y-33.8607
G1 X39.2933 Y-33.8618
G1 X39.2951 Y-33.8615
G1 X39.4338 Y-33.8646
G1 X39.5750 Y-33.8699
G1 X39.7147 Y-33.8772
G1 X39.8366 Y-33.8861
G1 X39.9527 Y-33.8973
G1 X40.0515 Y-33.9095
G1 X40.1444 Y-33.9250
G1 X40.2709 Y-33.9499
G1 X40.2709 Y-33.9501
G1 X40.3370 Y-33.9639
G1 X40.4015 Y-33.9778
G1 X40.4650 Y-33.9921
G1 X40.5300 Y-34.0073
G1 X40.6603 Y-34.0393
G1 X40.7253 Y-34.0561
G1 X40.7253 Y-34.0563
G1 X40.8584 Y-34.0926
G1 X40.8587 Y-34.0929
G1 X41.0030 Y-34.1353
G1 X41.0754 Y-34.1574
G1 X41.1518 Y-34.1813
G1 X41.3116 Y-34.2328
G1 X41.3116 Y-34.2331
G1 X41.4879 Y-34.2925
G1 X41.4879 Y-34.2923
G1 X41.6761 Y-34.3578
G1 X41.6773 Y-34.3581
G1 X41.8798 Y-34.4305
G1 X42.2224 Y-34.5562
G1 X42.2224 Y-34.5559
G1 X42.6136 Y-34.7022
G1 X42.6136 Y-34.7025
G1 X43.3144 Y-34.9682
G1 X43.4294 Y-35.0114
G1 X43.5381 Y-35.0515
G1 X43.7373 Y-35.1236
G1 X43.8318 Y-35.1572
G1 X44.0080 Y-35.2176
G1 X44.0947 Y-35.2461
G1 X44.2625 Y-35.2994
G1 X44.4320 Y-35.3507
G1 X44.6108 Y-35.4028
G1 X44.8150 Y-35.4587
G1 X45.0210 Y-35.5115
G1 X45.2214 Y-35.5600
G1 X45.4078 Y-35.6019
G1 X45.5752 Y-35.6365
G1 X45.7177 Y-35.6608
G1 X45.8186 Y-35.6725
G1 X45.8559 Y-35.6733
G1 X45.9087 Y-35.6695
G1 X45.9362 Y-35.6654
G1 X45.9585 Y-35.6601
G1 X45.9844 Y-35.6509
G1 X46.0042 Y-35.6418
G1 X46.0281 Y-35.6281
G1 X46.0459 Y-35.6156
G1 X46.0670 Y-35.5978
G1 X46.0822 Y-35.5824
G1 X46.0997 Y-35.5610
G1 X46.1129 Y-35.5412
G1 X46.1259 Y-35.5168
G1 X46.1340 Y-35.4980
G1 X46.1427 Y-35.4719
G1 X46.1480 Y-35.4477
G1 X46.1518 Y-35.4137
G1 X46.1523 Y-35.3995
G1 X46.1518 Y-35.3187
G1 X46.1510 Y-35.3055
G1 X46.1472 Y-35.2732
G1 X46.1452 Y-35.2605
G1 X46.1035 Y-35.0782
G1 X46.0647 Y-34.9364
G1 X46.0253 Y-34.7876
G1 X45.9849 Y-34.6301
G1 X45.9440 Y-34.4650
G1 X45.9438 Y-34.4650
G1 X45.9026 Y-34.2941
G1 X45.8615 Y-34.1183
G1 X45.8208 Y-33.9397
G1 X45.8206 Y-33.9397
G1 X45.7802 Y-33.7576
G1 X45.7805 Y-33.7576
G1 X45.7406 Y-33.5747
G1 X45.7403 Y-33.5747
G1 X45.7017 Y-33.3919
G1 X45.7012 Y-33.3906
G1 X45.6644 Y-33.2108
G1 X45.6641 Y-33.2108
G1 X45.6288 Y-33.0327
G1 X45.5953 Y-32.8582
G1 X45.5640 Y-32.6893
G1 X45.5630 Y-32.6860
G1 X45.5346 Y-32.5265
G1 X45.5084 Y-32.3720
G1 X45.4861 Y-32.2349
G1 X45.4647 Y-32.1020
G1 X45.4647 Y-32.0995
G1 X45.4436 Y-31.9623
G1 X45.4429 Y-31.9593
G1 X45.4241 Y-31.8323
G1 X45.4241 Y-31.8292
G1 X45.4048 Y-31.6939
G1 X45.3862 Y-31.5605
G1 X45.3860 Y-31.5605
G1 X45.3690 Y-31.4295
G1 X45.3692 Y-31.4295
G1 X45.3525 Y-31.2974
G1 X45.3367 Y-31.1694
G1 X45.3367 Y-31.1681
G1 X45.3215 Y-31.0378
G1 X45.3217 Y-31.0378
G1 X45.3072 Y-30.9082
G1 X45.2940 Y-30.7833
G1 X45.2940 Y-30.7820
G1 X45.2813 Y-30.6545
G1 X45.2816 Y-30.6545
G1 X45.2590 Y-30.4023
G1 X45.2488 Y-30.2771
G1 X45.2394 Y-30.1528
G1 X45.2308 Y-30.0307
G1 X45.2310 Y-30.0307
G1 X45.2237 Y-29.9113
G1 X45.2237 Y-29.9095
G1 X45.2168 Y-29.7863
G1 X45.2107 Y-29.6654
G1 X45.2054 Y-29.5453
G1 X45.2011 Y-29.4267
G1 X45.1975 Y-29.3083
G1 X45.1947 Y-29.1904
G1 X45.1929 Y-29.0789
G1 X45.1932 Y-29.0759
G1 X45.1922 Y-28.9580
G1 X45.1919 Y-28.8442
G1 X45.1924 Y-28.7292
G1 X45.1937 Y-28.6134
G1 X45.1935 Y-28.6113
G1 X45.1957 Y-28.5029
G1 X45.1988 Y-28.3909
G1 X45.2029 Y-28.2783
G1 X45.2074 Y-28.1678
G1 X45.2130 Y-28.0581
G1 X45.2196 Y-27.9463
G1 X45.2194 Y-27.9425
G1 X45.2262 Y-27.8392
G1 X45.2344 Y-27.7310
G1 X45.2432 Y-27.6212
G1 X45.2432 Y-27.6192
G1 X45.2524 Y-27.5158
G1 X45.2631 Y-27.4084
G1 X45.2631 Y-27.4058
G1 X45.2740 Y-27.3040
G1 X45.2862 Y-27.1976
G1 X45.2862 Y-27.1963
G1 X45.2986 Y-27.0947
G1 X45.3118 Y-26.9938
G1 X45.3123 Y-26.9921
G1 X45.3266 Y-26.8887
G1 X45.3415 Y-26.7871
G1 X45.3418 Y-26.7871
G1 X45.3578 Y-26.6852
G1 X45.3743 Y-26.5859
G1 X45.3748 Y-26.5841
G1 X45.3923 Y-26.4838
G1 X45.3926 Y-26.4838
G1 X45.4111 Y-26.3832
G1 X45.4302 Y-26.2844
G1 X45.4508 Y-26.1833
G1 X45.4510 Y-26.1810
G1 X45.4713 Y-26.0863
G1 X45.4927 Y-25.9900
G1 X45.5153 Y-25.8930
G1 X45.5386 Y-25.7970
G1 X45.5635 Y-25.6985
G1 X45.5638 Y-25.6969
G1 X45.5879 Y-25.6055
G1 X45.6138 Y-25.5102
G1 X45.6400 Y-25.4165
G1 X45.6679 Y-25.3213
G1 X45.6959 Y-25.2291
G1 X45.7243 Y-25.1381
G1 X45.7754 Y-24.9829
G1 X45.8239 Y-24.8465
G1 X45.8747 Y-24.7124
G1 X45.9268 Y-24.5862
G1 X45.9806 Y-24.4648
G1 X45.9804 Y-24.4648
G1 X46.0339 Y-24.3538
G1 X46.0342 Y-24.3538
G1 X46.0893 Y-24.2484
G1 X46.1371 Y-24.1653
G1 X46.1932 Y-24.0759
G1 X46.2450 Y-24.0020
G1 X46.2943 Y-23.9392
G1 X46.3410 Y-23.8869
G1 X46.3860 Y-23.8437
G1 X46.4261 Y-23.8110
G1 X46.4604 Y-23.7886
G1 X46.4850 Y-23.7762
G1 X46.5625 Y-23.7538
G1 X46.6501 Y-23.7470
G1 X46.7327 Y-23.7556
G1 X46.7982 Y-23.7769
G1 X46.8470 Y-23.8064
G1 X46.9115 Y-23.8608
G1 X46.9892 Y-23.9428
G1 X47.0708 Y-24.0467
G1 X47.1561 Y-24.1732
G1 X47.2354 Y-24.3091
G1 X47.3139 Y-24.4648
G1 X47.3913 Y-24.6410
G1 X47.4373 Y-24.7607
G1 X47.4886 Y-24.9075
G1 X47.5417 Y-25.0698
G1 X47.5932 Y-25.2379
G1 X47.5945 Y-25.2407
G1 X47.6362 Y-25.3860
G1 X47.6710 Y-25.5191
G1 X47.6913 Y-25.6106
G1 X47.6943 Y-25.6357
G1 X47.6943 Y-25.6365
G1 X47.6857 Y-25.6814
G1 X47.6651 Y-25.7716
G1 X47.6649 Y-25.7731
G1 X47.6405 Y-25.8719
G1 X47.6080 Y-25.9951
G1 X47.5704 Y-26.1328
G1 X47.5701 Y-26.1341
G1 X47.5303 Y-26.2748
G1 X47.3956 Y-26.7307
G1 X47.3527 Y-26.8783
G1 X47.3131 Y-27.0165
G1 X47.2778 Y-27.1419
G1 X47.2478 Y-27.2499
G1 X47.2234 Y-27.3403
G1 X47.2067 Y-27.4063
G1 X47.1785 Y-27.5300
G1 X47.1515 Y-27.6550
G1 X47.1264 Y-27.7805
G1 X47.1025 Y-27.9070
G1 X47.0804 Y-28.0342
G1 X47.0598 Y-28.1623
G1 X47.0408 Y-28.2910
G1 X47.0233 Y-28.4203
G1 X47.0073 Y-28.5506
G1 X46.9933 Y-28.6812
G1 X46.9806 Y-28.8122
G1 X46.9694 Y-28.9441
G1 X46.9598 Y-29.0764
G1 X46.9516 Y-29.2100
G1 X46.9455 Y-29.3431
G1 X46.9407 Y-29.4775
G1 X46.9377 Y-29.6113
G1 X46.9356 Y-29.7470
G1 X46.9356 Y-29.8818
G1 X46.9372 Y-30.0180
G1 X46.9402 Y-30.1539
G1 X46.9448 Y-30.2898
G1 X46.9506 Y-30.4272
G1 X46.9588 Y-30.5638
G1 X46.9679 Y-30.7015
G1 X46.9791 Y-30.8386
G1 X46.9915 Y-30.9766
G1 X47.0057 Y-31.1140
G1 X47.0212 Y-31.2522
G1 X47.0385 Y-31.3906
G1 X47.0576 Y-31.5288
G1 X47.0797 Y-31.6756
G1 X47.0863 Y-31.7022
G1 X47.0952 Y-31.7259
G1 X47.1117 Y-31.7597
G1 X47.1190 Y-31.7731
G1 X47.2399 Y-31.9557
G1 X47.2570 Y-31.9771
G1 X47.2727 Y-31.9933
G1 X47.2938 Y-32.0114
G1 X47.3108 Y-32.0236
G1 X47.3344 Y-32.0375
G1 X47.3545 Y-32.0469
G1 X47.3804 Y-32.0563
G1 X47.4027 Y-32.0622
G1 X47.4302 Y-32.0665
G1 X47.4510 Y-32.0678
G1 X47.4487 Y-31.9479
G1 X47.4762 Y-31.9474
G1 X47.5031 Y-31.9415
G1 X47.5287 Y-31.9311
G1 X47.5518 Y-31.9161
G1 X47.5717 Y-31.8971
G1 X47.5879 Y-31.8747
G1 X47.5999 Y-31.8498
G1 X47.6072 Y-31.8201
G1 X47.6275 Y-31.6822
G1 X47.6692 Y-31.4089
G1 X47.6910 Y-31.2737
G1 X47.7357 Y-31.0053
G1 X47.7589 Y-30.8724
G1 X47.8066 Y-30.6090
G1 X47.8564 Y-30.3487
G1 X47.8820 Y-30.2199
G1 X47.9349 Y-29.9641
G1 X47.9621 Y-29.8379
G1 X48.0179 Y-29.5867
G1 X48.0466 Y-29.4625
G1 X48.0469 Y-29.4625
G1 X48.0761 Y-29.3390
G1 X48.1058 Y-29.2163
G1 X48.1360 Y-29.0944
G1 X48.1668 Y-28.9733
G1 X48.1670 Y-28.9733
G1 X48.1983 Y-28.8529
G1 X48.2300 Y-28.7332
G1 X48.2623 Y-28.6141
G1 X48.2951 Y-28.4965
G1 X48.3629 Y-28.2605
G1 X48.3626 Y-28.2605
G1 X48.3967 Y-28.1460
G1 X48.4317 Y-28.0309
G1 X48.5031 Y-27.8023
G1 X48.5397 Y-27.6893
G1 X48.5767 Y-27.5768
G1 X48.6143 Y-27.4653
G1 X48.6524 Y-27.3543
G1 X48.6913 Y-27.2430
G1 X48.6910 Y-27.2430
G1 X48.7695 Y-27.0259
G1 X48.8099 Y-26.9176
G1 X48.8508 Y-26.8102
G1 X48.8920 Y-26.7035
G1 X48.9339 Y-26.5974
G1 X48.9763 Y-26.4917
G1 X49.0195 Y-26.3860
G1 X49.1063 Y-26.1798
G1 X49.1508 Y-26.0772
G1 X49.1960 Y-25.9751
G1 X49.2412 Y-25.8742
G1 X49.3342 Y-25.6730
G1 X49.3817 Y-25.5735
G1 X49.4294 Y-25.4747
G1 X49.4782 Y-25.3756
G1 X49.5262 Y-25.2794
G1 X49.6258 Y-25.0858
G1 X49.6763 Y-24.9903
G1 X49.7274 Y-24.8956
G1 X49.7792 Y-24.8008
G1 X49.8312 Y-24.7071
G1 X49.8841 Y-24.6141
G1 X49.9379 Y-24.5207
G1 X50.0253 Y-24.3721
G1 X50.1145 Y-24.2245
G1 X50.2061 Y-24.0769
G1 X50.2981 Y-23.9319
G1 X50.3900 Y-23.7912
G1 X50.4845 Y-23.6504
G1 X50.4848 Y-23.6504
G1 X50.5816 Y-23.5097
G1 X50.5813 Y-23.5097
G1 X50.6773 Y-23.3738
G1 X50.7756 Y-23.2382
G1 X50.8749 Y-23.1046
G1 X50.9760 Y-22.9725
G1 X51.0781 Y-22.8420
G1 X51.0794 Y-22.8404
G1 X51.1815 Y-22.7134
G1 X51.2864 Y-22.5864
G1 X51.3921 Y-22.4615
G1 X51.4998 Y-22.3380
G1 X51.6098 Y-22.2148
G1 X51.7182 Y-22.0965
G1 X51.8292 Y-21.9784
G1 X51.9420 Y-21.8618
G1 X52.0560 Y-21.7467
G1 X52.1711 Y-21.6337
G1 X52.2879 Y-21.5222
G1 X52.4071 Y-21.4112
G1 X52.5249 Y-21.3048
G1 X52.6453 Y-21.1983
G1 X52.7672 Y-21.0937
G1 X52.8919 Y-20.9895
G1 X53.0146 Y-20.8897
G1 X53.1406 Y-20.7902
G1 X53.2694 Y-20.6911
G1 X53.3964 Y-20.5964
G1 X53.5264 Y-20.5019
G1 X53.6575 Y-20.4092
G1 X53.7903 Y-20.3180
G1 X53.9242 Y-20.2288
G1 X54.0598 Y-20.1409
G1 X54.1983 Y-20.0538
G1 X54.3344 Y-19.9705
G1 X54.4739 Y-19.8879
G1 X54.6151 Y-19.8069
G1 X54.7588 Y-19.7267
G1 X54.7588 Y-19.7264
G1 X54.9008 Y-19.6497
G1 X55.0459 Y-19.5737
G1 X55.1924 Y-19.4993
G1 X55.3420 Y-19.4257
G1 X55.4893 Y-19.3553
G1 X55.4893 Y-19.3556
G1 X55.6417 Y-19.2855
G1 X55.6417 Y-19.2852
G1 X55.7939 Y-19.2174
G1 X55.9453 Y-19.1521
G1 X56.1005 Y-19.0878
G1 X56.2585 Y-19.0243
G1 X56.4142 Y-18.9636
G1 X56.5737 Y-18.9042
G1 X56.5737 Y-18.9045
G1 X56.7342 Y-18.8465
G1 X56.8980 Y-18.7896
G1 X57.0598 Y-18.7355
G1 X57.2262 Y-18.6820
G1 X57.3910 Y-18.6312
G1 X57.5584 Y-18.5816
G1 X57.7278 Y-18.5336
G1 X57.8985 Y-18.4874
G1 X58.0723 Y-18.4422
G1 X58.0723 Y-18.4419
G1 X58.2445 Y-18.3993
G1 X58.4924 Y-18.3396
G1 X58.6956 Y-18.2923
G1 X58.7820 Y-18.2728
G1 X58.8559 Y-18.2568
G1 X58.9209 Y-18.2433
G1 X58.9765 Y-18.2326
G1 X59.0111 Y-18.2265
G1 X59.0306 Y-18.4193
G1 X59.0502 Y-18.6096
G1 X59.0499 Y-18.6096
G1 X59.0664 Y-18.7775
G1 X59.0817 Y-18.9466
G1 X59.0814 Y-18.9466
G1 X59.0954 Y-19.1171
G1 X59.1081 Y-19.2890
G1 X59.1193 Y-19.4617
G1 X59.1190 Y-19.4617
G1 X59.1289 Y-19.6357
G1 X59.1375 Y-19.8105
G1 X59.1447 Y-19.9857
G1 X59.1505 Y-20.1618
G1 X59.1551 Y-20.3383
G1 X59.1584 Y-20.5148
G1 X59.1581 Y-20.5148
G1 X59.1599 Y-20.6919
G1 X59.1607 Y-20.8681
G1 X59.1599 Y-21.0447
G1 X59.1579 Y-21.2220
G1 X59.1581 Y-21.2220
G1 X59.1546 Y-21.3965
G1 X59.1500 Y-21.5712
G1 X59.1439 Y-21.7457
G1 X59.1368 Y-21.9189
G1 X59.1282 Y-22.0911
G1 X59.1182 Y-22.2634
G1 X59.1185 Y-22.2634
G1 X59.1073 Y-22.4320
G1 X59.0949 Y-22.6002
G1 X59.0812 Y-22.7678
G1 X59.0814 Y-22.7678
G1 X59.0667 Y-22.9311
G1 X59.0664 Y-22.9311
G1 X59.0499 Y-23.0952
G1 X59.0502 Y-23.0952
G1 X59.0329 Y-23.2547
G1 X59.0326 Y-23.2547
G1 X59.0141 Y-23.4130
G1 X58.9943 Y-23.5687
G1 X58.9730 Y-23.7223
G1 X58.9506 Y-23.8732
G1 X58.9270 Y-24.0213
G1 X58.9039 Y-24.1574
G1 X58.9036 Y-24.1574
G1 X58.8795 Y-24.2938
G1 X58.8797 Y-24.2938
G1 X58.8548 Y-24.4267
G1 X58.8546 Y-24.4267
G1 X58.8284 Y-24.5608
G1 X58.8015 Y-24.6934
G1 X58.7733 Y-24.8255
G1 X58.7439 Y-24.9583
G1 X58.7441 Y-24.9583
G1 X58.7141 Y-25.0876
G1 X58.6829 Y-25.2179
G1 X58.6506 Y-25.3472
G1 X58.6171 Y-25.4770
G1 X58.5831 Y-25.6037
G1 X58.5480 Y-25.7307
G1 X58.5478 Y-25.7307
G1 X58.5117 Y-25.8569
G1 X58.4741 Y-25.9832
G1 X58.4360 Y-26.1079
G1 X58.3964 Y-26.2324
G1 X58.3562 Y-26.3558
G1 X58.3148 Y-26.4787
G1 X58.2719 Y-26.6022
G1 X58.2722 Y-26.6022
G1 X58.2292 Y-26.7226
G1 X58.1848 Y-26.8432
G1 X58.1393 Y-26.9634
G1 X58.0931 Y-27.0825
G1 X58.0928 Y-27.0825
G1 X58.0446 Y-27.2024
G1 X58.0448 Y-27.2024
G1 X57.9966 Y-27.3195
G1 X57.9473 Y-27.4366
G1 X57.8965 Y-27.5534
G1 X57.8963 Y-27.5534
G1 X57.8449 Y-27.6692
G1 X57.7921 Y-27.7846
G1 X57.7378 Y-27.9004
G1 X57.6837 Y-28.0129
G1 X57.6273 Y-28.1275
G1 X57.5711 Y-28.2387
G1 X57.5135 Y-28.3505
G1 X57.4548 Y-28.4615
G1 X57.3946 Y-28.5722
G1 X57.3331 Y-28.6832
G1 X57.2722 Y-28.7906
G1 X57.2719 Y-28.7906
G1 X57.2089 Y-28.8991
G1 X57.1442 Y-29.0081
G1 X57.0799 Y-29.1142
G1 X57.0139 Y-29.2207
G1 X56.9468 Y-29.3263
G1 X56.8780 Y-29.4328
G1 X56.8096 Y-29.5359
G1 X56.7385 Y-29.6408
G1 X56.6682 Y-29.7424
G1 X56.5958 Y-29.8450
G1 X56.5224 Y-29.9469
G1 X56.4472 Y-30.0490
G1 X56.3717 Y-30.1498
G1 X56.2963 Y-30.2481
G1 X56.2178 Y-30.3484
G1 X56.1401 Y-30.4460
G1 X56.0606 Y-30.5440
G1 X56.0603 Y-30.5438
G1 X55.9798 Y-30.6408
G1 X55.8973 Y-30.7383
G1 X55.8145 Y-30.8343
G1 X55.7314 Y-30.9286
G1 X55.6468 Y-31.0231
G1 X55.5610 Y-31.1170
G1 X55.4728 Y-31.2115
G1 X55.4731 Y-31.2118
G1 X55.3860 Y-31.3032
G1 X55.3006 Y-31.3911
G1 X55.2138 Y-31.4787
G1 X55.1233 Y-31.5679
G1 X55.0324 Y-31.6563
G1 X54.9410 Y-31.7431
G1 X54.8467 Y-31.8310
G1 X54.8465 Y-31.8308
G1 X54.7492 Y-31.9194
G1 X54.6517 Y-32.0070
G1 X54.5536 Y-32.0934
G1 X54.4528 Y-32.1803
G1 X54.3502 Y-32.2677
G1 X54.3504 Y-32.2679
G1 X54.2483 Y-32.3527
G1 X54.1442 Y-32.4381
G1 X54.0385 Y-32.5229
G1 X53.9321 Y-32.6073
G1 X53.8251 Y-32.6906
G1 X53.7167 Y-32.7734
G1 X53.6080 Y-32.8552
G1 X53.4982 Y-32.9362
G1 X53.3880 Y-33.0162
G1 X53.2760 Y-33.0959
G1 X53.2760 Y-33.0962
G1 X53.1660 Y-33.1734
G1 X53.1658 Y-33.1732
G1 X53.0527 Y-33.2509
G1 X52.9407 Y-33.3268
G1 X52.8295 Y-33.4005
G1 X52.7172 Y-33.4736
G1 X52.6044 Y-33.5453
G1 X52.4919 Y-33.6156
G1 X52.3781 Y-33.6852
G1 X52.2666 Y-33.7523
G1 X52.1551 Y-33.8178
G1 X51.7172 Y-34.0672
G1 X51.6133 Y-34.1277
G1 X51.5381 Y-34.1729
G1 X51.4949 Y-34.2014
G1 X51.4812 Y-34.2115
G1 X51.4594 Y-34.2298
G1 X51.4398 Y-34.2494
G1 X51.4228 Y-34.2753
G1 X51.4170 Y-34.2864
G1 X51.4063 Y-34.3121
G1 X51.4007 Y-34.3390
G1 X51.4002 Y-34.3667
G1 X51.4048 Y-34.3939
G1 X51.4157 Y-34.4231
G1 X51.4198 Y-34.4312
G1 X51.4342 Y-34.4546
G1 X51.4528 Y-34.4752
G1 X51.4749 Y-34.4917
G1 X51.4995 Y-34.5039
G1 X51.5259 Y-34.5115
G1 X51.5534 Y-34.5143
G1 X51.5810 Y-34.5117
G1 X51.5973 Y-34.5077
G1 X51.7652 Y-34.4569
G1 X51.7807 Y-34.4513
G1 X51.8389 Y-34.4264
G1 X51.8711 Y-34.4132
G1 X52.0164 Y-34.3565
G1 X52.3049 Y-34.2491
G1 X52.6125 Y-34.1368
G1 X52.6125 Y-34.1366
G1 X53.0057 Y-33.9949
G1 X53.1840 Y-33.9341
G1 X53.3865 Y-33.8714
G1 X53.5973 Y-33.8117
G1 X53.8206 Y-33.7533
G1 X54.0474 Y-33.6984
G1 X54.2747 Y-33.6481
G1 X54.2747 Y-33.6479
G1 X54.4876 Y-33.6057
G1 X54.6910 Y-33.5704
G1 X54.7903 Y-33.5564
G1 X54.9026 Y-33.5435
G1 X55.0141 Y-33.5336
G1 X55.1345 Y-33.5252
G1 X55.2618 Y-33.5191
G1 X55.3900 Y-33.5148
G1 X55.5168 Y-33.5128
G1 X55.5168 Y-33.5130
G1 X55.6491 Y-33.5130
G1 X55.6491 Y-33.5128
G1 X55.7759 Y-33.5148
G1 X55.9039 Y-33.5191
G1 X56.0311 Y-33.5255
G1 X56.1513 Y-33.5336
G1 X56.2640 Y-33.5435
G1 X56.3733 Y-33.5557
G1 X56.4774 Y-33.5702
G1 X56.5653 Y-33.5851
G1 X56.6890 Y-33.6103
G1 X56.8157 Y-33.6390
G1 X56.9410 Y-33.6702
G1 X57.0718 Y-33.7058
G1 X57.2051 Y-33.7449
G1 X57.3402 Y-33.7871
G1 X57.4797 Y-33.8333
G1 X57.4797 Y-33.8331
G1 X57.6156 Y-33.8808
G1 X57.7553 Y-33.9324
G1 X57.8978 Y-33.9875
G1 X58.0365 Y-34.0436
G1 X58.1772 Y-34.1031
G1 X58.3181 Y-34.1655
G1 X58.4606 Y-34.2311
G1 X58.6006 Y-34.2981
G1 X58.7375 Y-34.3665
G1 X58.8427 Y-34.4208
G1 X58.9483 Y-34.4769
G1 X59.0492 Y-34.5323
G1 X59.1523 Y-34.5907
G1 X59.2508 Y-34.6481
G1 X59.3514 Y-34.7088
G1 X59.4479 Y-34.7685
G1 X59.5447 Y-34.8303
G1 X59.6420 Y-34.8940
G1 X59.7347 Y-34.9567
G1 X59.8297 Y-35.0228
G1 X59.9211 Y-35.0886
G1 X60.0108 Y-35.1546
G1 X60.1002 Y-35.2227
G1 X60.1889 Y-35.2920
G1 X60.2762 Y-35.3624
G1 X60.3639 Y-35.4350
G1 X60.3639 Y-35.4348
G1 X60.4474 Y-35.5062
G1 X60.5312 Y-35.5796
G1 X60.6141 Y-35.6545
G1 X60.6956 Y-35.7302
G1 X60.7761 Y-35.8069
G1 X60.8554 Y-35.8849
G1 X60.9336 Y-35.9641
G1 X61.0105 Y-36.0444
G1 X61.0862 Y-36.1257
G1 X61.1624 Y-36.2097
G1 X61.1627 Y-36.2095
G1 X61.2346 Y-36.2915
G1 X61.3072 Y-36.3764
G1 X61.3799 Y-36.4637
G1 X61.4489 Y-36.5488
G1 X61.4487 Y-36.5491
G1 X61.5178 Y-36.6370
G1 X61.5871 Y-36.7279
G1 X61.6529 Y-36.8168
G1 X61.7187 Y-36.9082
G1 X61.7832 Y-37.0007
G1 X61.8467 Y-37.0944
G1 X61.9092 Y-37.1897
G1 X61.9717 Y-37.2875
G1 X61.9719 Y-37.2875
G1 X62.0309 Y-37.3830
G1 X62.0900 Y-37.4813
G1 X62.0898 Y-37.4813
G1 X62.1480 Y-37.5811
G1 X62.2059 Y-37.6834
G1 X62.2607 Y-37.7835
G1 X62.2605 Y-37.7835
G1 X62.3161 Y-37.8884
G1 X62.3689 Y-37.9910
G1 X62.4215 Y-38.0967
G1 X62.4738 Y-38.2049
G1 X62.4741 Y-38.2049
G1 X62.5234 Y-38.3111
G1 X62.5726 Y-38.4200
G1 X62.6207 Y-38.5300
G1 X62.6679 Y-38.6420
G1 X62.6676 Y-38.6420
G1 X62.7144 Y-38.7563
G1 X62.7146 Y-38.7563
G1 X62.7586 Y-38.8681
G1 X62.8025 Y-38.9834
G1 X62.8452 Y-39.0995
G1 X62.8868 Y-39.2171
G1 X62.9275 Y-39.3355
G1 X62.9669 Y-39.4556
G1 X63.0052 Y-39.5768
G1 X63.0425 Y-39.6992
G1 X63.0786 Y-39.8226
G1 X63.1142 Y-39.9491
G1 X63.1144 Y-39.9491
G1 X63.1480 Y-40.0736
G1 X63.1899 Y-40.2361
G1 X63.2305 Y-40.4017
G1 X63.2308 Y-40.4017
G1 X63.2686 Y-40.5648
G1 X63.3054 Y-40.7325
G1 X63.3405 Y-40.9021
G1 X63.3740 Y-41.0748
G1 X63.4063 Y-41.2506
G1 X63.4368 Y-41.4304
G1 X63.4662 Y-41.6143
G1 X63.4942 Y-41.8026
G1 X63.5208 Y-41.9961
G1 X63.5467 Y-42.1963
G1 X63.5470 Y-42.1963
G1 X63.5714 Y-42.3995
G1 X63.5950 Y-42.6105
G1 X63.6179 Y-42.8282
G1 X63.6176 Y-42.8282
G1 X63.6394 Y-43.0538
G1 X63.6397 Y-43.0538
G1 X63.6473 Y-43.1460
G1 X63.6552 Y-43.2514
G1 X63.6623 Y-43.3629
G1 X63.6621 Y-43.3629
G1 X63.6687 Y-43.4848
G1 X63.6748 Y-43.6138
G1 X63.6852 Y-43.8945
G1 X63.6897 Y-44.0439
G1 X63.6938 Y-44.1975
G1 X63.7002 Y-44.5181
G1 X63.7024 Y-44.6832
G1 X63.7022 Y-44.6832
G1 X63.7040 Y-44.8506
G1 X63.7062 Y-45.1894
G1 X63.7065 Y-45.3593
G1 X63.7062 Y-45.5287
G1 X63.7040 Y-45.8638
G1 X63.7022 Y-46.0281
G1 X63.7024 Y-46.0281
G1 X63.6971 Y-46.3443
G1 X63.6897 Y-46.6430
G1 X63.6852 Y-46.7838
G1 X63.6801 Y-46.9174
G1 X63.6745 Y-47.0438
G1 X63.6687 Y-47.1630
G1 X63.6689 Y-47.1630
G1 X63.6623 Y-47.2699
G1 X63.6549 Y-47.3710
G1 X63.6478 Y-47.4579
G1 X63.6476 Y-47.4579
G1 X63.6397 Y-47.5358
G1 X63.6199 Y-47.7065
G1 X63.5986 Y-47.8782
G1 X63.5765 Y-48.0477
G1 X63.5762 Y-48.0477
G1 X63.5526 Y-48.2178
G1 X63.5282 Y-48.3873
G1 X63.5020 Y-48.5577
G1 X63.5023 Y-48.5577
G1 X63.4756 Y-48.7258
G1 X63.4472 Y-48.8953
G1 X63.4182 Y-49.0631
G1 X63.3875 Y-49.2315
G1 X63.3560 Y-49.4005
G1 X63.3562 Y-49.4005
G1 X63.3235 Y-49.5666
G1 X63.2899 Y-49.7332
G1 X63.2551 Y-49.8996
G1 X63.2193 Y-50.0657
G1 X63.1822 Y-50.2310
G1 X63.1441 Y-50.3961
G1 X63.1050 Y-50.5605
G1 X63.0646 Y-50.7246
G1 X63.0232 Y-50.8879
G1 X63.0230 Y-50.8879
G1 X62.9803 Y-51.0520
G1 X62.9806 Y-51.0520
G1 X62.9374 Y-51.2133
G1 X62.8927 Y-51.3753
G1 X62.8472 Y-51.5361
G1 X62.8005 Y-51.6966
G1 X62.7527 Y-51.8566
G1 X62.7037 Y-52.0169
G1 X62.7040 Y-52.0169
G1 X62.6544 Y-52.1744
G1 X62.6036 Y-52.3324
G1 X62.5516 Y-52.4896
G1 X62.4985 Y-52.6471
G1 X62.4987 Y-52.6471
G1 X62.4451 Y-52.8023
G1 X62.3905 Y-52.9570
G1 X62.3344 Y-53.1114
G1 X62.2772 Y-53.2661
G1 X62.2198 Y-53.4177
G1 X62.1612 Y-53.5699
G1 X62.1015 Y-53.7210
G1 X62.1012 Y-53.7210
G1 X62.0408 Y-53.8711
G1 X61.9785 Y-54.0215
G1 X61.9788 Y-54.0215
G1 X61.9166 Y-54.1693
G1 X61.9163 Y-54.1693
G1 X61.8528 Y-54.3169
G1 X61.7883 Y-54.4637
G1 X61.7228 Y-54.6097
G1 X61.6565 Y-54.7548
G1 X61.5892 Y-54.8988
G1 X61.5208 Y-55.0421
G1 X61.4517 Y-55.1840
G1 X61.3816 Y-55.3250
G1 X61.3105 Y-55.4652
G1 X61.2381 Y-55.6054
G1 X61.2384 Y-55.6054
G1 X61.1660 Y-55.7426
G1 X61.0926 Y-55.8795
G1 X61.0923 Y-55.8795
G1 X61.0177 Y-56.0154
G1 X60.9425 Y-56.1500
G1 X60.8660 Y-56.2839
G1 X60.7891 Y-56.4164
G1 X60.7103 Y-56.5490
G1 X60.6316 Y-56.6793
G1 X60.5523 Y-56.8076
G1 X60.4718 Y-56.9356
G1 X60.3905 Y-57.0624
G1 X60.3082 Y-57.1881
G1 X60.2252 Y-57.3123
G1 X60.1442 Y-57.4309
G1 X60.0636 Y-57.5462
G1 X59.9803 Y-57.6631
G1 X59.8975 Y-57.7761
G1 X59.8129 Y-57.8894
G1 X59.7271 Y-58.0017
G1 X59.6402 Y-58.1129
G1 X59.5521 Y-58.2229
G1 X59.4637 Y-58.3314
G1 X59.3730 Y-58.4398
G1 X59.2836 Y-58.5447
G1 X59.1924 Y-58.6491
G1 X59.0997 Y-58.7532
G1 X59.0083 Y-58.8533
G1 X58.9153 Y-58.9531
G1 X58.8216 Y-59.0514
G1 X58.7276 Y-59.1480
G1 X58.6331 Y-59.2427
G1 X58.5381 Y-59.3357
G1 X58.4434 Y-59.4263
G1 X58.3463 Y-59.5165
G1 X58.2519 Y-59.6029
G1 X58.1561 Y-59.6880
G1 X58.0601 Y-59.7710
G1 X57.9636 Y-59.8521
G1 X57.8660 Y-59.9321
G1 X57.8663 Y-59.9323
G1 X57.7718 Y-60.0072
G1 X57.6740 Y-60.0829
G1 X57.5798 Y-60.1535
G1 X57.4822 Y-60.2247
G1 X57.3890 Y-60.2902
G1 X57.2950 Y-60.3542
G1 X57.1762 Y-60.4309
G1 X57.0481 Y-60.5091
G1 X56.9214 Y-60.5823
G1 X56.7847 Y-60.6572
G1 X56.6486 Y-60.7281
G1 X56.5074 Y-60.7979
G1 X56.3618 Y-60.8665
G1 X56.2209 Y-60.9293
G1 X56.0741 Y-60.9912
G1 X55.9336 Y-61.0476
G1 X55.9336 Y-61.0474
G1 X55.7924 Y-61.1005
G1 X55.6499 Y-61.1502
G1 X55.5165 Y-61.1934
G1 X55.3827 Y-61.2325
G1 X55.2613 Y-61.2645
G1 X55.1376 Y-61.2927
G1 X54.9839 Y-61.3220
G1 X54.8127 Y-61.3494
G1 X54.6318 Y-61.3740
G1 X54.4360 Y-61.3969
G1 X54.2343 Y-61.4167
G1 X54.2343 Y-61.4169
G1 X54.0299 Y-61.4340
G1 X53.8190 Y-61.4482
G1 X53.8190 Y-61.4479
G1 X53.6054 Y-61.4594
G1 X53.3951 Y-61.4677
G1 X53.1906 Y-61.4728
G1 X53.1906 Y-61.4726
G1 X52.9885 Y-61.4744
G1 X52.7942 Y-61.4726
G1 X52.7942 Y-61.4728
G1 X52.6146 Y-61.4675
G1 X52.4452 Y-61.4591
G1 X52.2902 Y-61.4467
G1 X52.1533 Y-61.4307
G1 X52.0019 Y-61.4091
G1 X52.0019 Y-61.4093
G1 X51.8594 Y-61.3865
G1 X51.7187 Y-61.3621
G1 X51.5813 Y-61.3357
G1 X51.4467 Y-61.3075
G1 X51.3166 Y-61.2775
G1 X51.3166 Y-61.2772
G1 X51.1802 Y-61.2430
G1 X51.0459 Y-61.2064
G1 X50.9064 Y-61.1655
G1 X50.7637 Y-61.1208
G1 X50.6151 Y-61.0718
G1 X50.6151 Y-61.0720
G1 X50.4609 Y-61.0189
G1 X50.4609 Y-61.0187
G1 X50.2953 Y-60.9590
G1 X50.1213 Y-60.8945
G1 X49.9369 Y-60.8244
G1 X49.5104 Y-60.6577
G1 X49.3014 Y-60.5770
G1 X49.1114 Y-60.5056
G1 X48.9382 Y-60.4423
G1 X48.7787 Y-60.3872
G1 X48.6313 Y-60.3392
G1 X48.4932 Y-60.2976
G1 X48.3624 Y-60.2623
G1 X48.2364 Y-60.2328
G1 X48.1137 Y-60.2084
G1 X47.9923 Y-60.1889
G1 X47.8696 Y-60.1731
G1 X47.7439 Y-60.1609
G1 X47.6128 Y-60.1515
G1 X47.4744 Y-60.1447
G1 X47.3255 Y-60.1391
G1 X47.1546 Y-60.1345
G1 X46.9913 Y-60.1330
G1 X46.8351 Y-60.1350
G1 X46.6837 Y-60.1398
G1 X46.5366 Y-60.1487
G1 X46.3926 Y-60.1612
G1 X46.2504 Y-60.1779
G1 X46.1086 Y-60.1985
G1 X45.9669 Y-60.2237
G1 X45.8229 Y-60.2534
G1 X45.6761 Y-60.2879
G1 X45.5257 Y-60.3273
G1 X45.3697 Y-60.3717
G1 X45.2074 Y-60.4215
G1 X45.0365 Y-60.4766
G1 X44.5346 Y-60.6476
G1 X44.3837 Y-60.6984
G1 X44.1002 Y-60.7919
G1 X43.9697 Y-60.8338
G1 X43.8427 Y-60.8734
G1 X43.7203 Y-60.9110
G1 X43.6052 Y-60.9453
G1 X43.4911 Y-60.9778
G1 X43.4911 Y-60.9780
G1 X43.3840 Y-61.0075
G1 X43.3840 Y-61.0072
G1 X43.2793 Y-61.0349
G1 X43.1775 Y-61.0603
G1 X43.0774 Y-61.0840
G1 X42.9796 Y-61.1055
G1 X42.9796 Y-61.1058
G1 X42.8866 Y-61.1248
G1 X42.7932 Y-61.1426
G1 X42.6982 Y-61.1589
G1 X42.6088 Y-61.1731
G1 X42.5148 Y-61.1861
G1 X42.4238 Y-61.1972
G1 X42.3299 Y-61.2074
G1 X42.2366 Y-61.2160
G1 X42.1389 Y-61.2237
G1 X42.1389 Y-61.2239
G1 X42.0428 Y-61.2300
G1 X42.0428 Y-61.2297
G1 X41.9407 Y-61.2351
G1 X41.8379 Y-61.2394
G1 X41.7312 Y-61.2430
G1 X41.6212 Y-61.2455
G1 X41.5079 Y-61.2473
G1 X41.5079 Y-61.2470
G1 X41.3883 Y-61.2480
G1 X41.2656 Y-61.2483
G1 X41.1107 Y-61.2478
G1 X40.9585 Y-61.2460
G1 X40.9585 Y-61.2463
G1 X40.8135 Y-61.2432
G1 X40.6710 Y-61.2389
G1 X40.5328 Y-61.2333
G1 X40.3964 Y-61.2262
G1 X40.3964 Y-61.2264
G1 X40.2674 Y-61.2181
G1 X40.2674 Y-61.2178
G1 X40.1381 Y-61.2077
G1 X40.0144 Y-61.1965
G1 X39.8945 Y-61.1838
G1 X39.7772 Y-61.1693
G1 X39.6596 Y-61.1530
G1 X39.5496 Y-61.1360
G1 X39.5496 Y-61.1358
G1 X39.4401 Y-61.1167
G1 X39.3299 Y-61.0951
G1 X39.2237 Y-61.0725
G1 X39.1239 Y-61.0492
G1 X39.0218 Y-61.0230
G1 X38.9217 Y-60.9951
G1 X38.8201 Y-60.9646
G1 X38.7228 Y-60.9331
G1 X38.6265 Y-60.8995
G1 X38.5341 Y-60.8653
G1 X38.5341 Y-60.8650
G1 X38.4365 Y-60.8267
G1 X38.3433 Y-60.7873
G1 X38.2494 Y-60.7456
G1 X38.1589 Y-60.7032
G1 X38.0632 Y-60.6560
G1 X37.9697 Y-60.6080
G1 X37.8760 Y-60.5577
G1 X37.7843 Y-60.5064
G1 X37.6898 Y-60.4512
G1 X37.5707 Y-60.3791
G1 X37.4487 Y-60.3019
G1 X37.3316 Y-60.2244
G1 X37.2097 Y-60.1406
G1 X37.0901 Y-60.0550
G1 X36.9697 Y-59.9658
G1 X36.8501 Y-59.8739
G1 X36.7304 Y-59.7786
G1 X36.6103 Y-59.6801
G1 X36.4927 Y-59.5800
G1 X36.3715 Y-59.4736
G1 X36.2516 Y-59.3659
G1 X36.1333 Y-59.2554
G1 X36.0142 Y-59.1416
G1 X35.8958 Y-59.0253
G1 X35.7779 Y-58.9062
G1 X35.6603 Y-58.7840
G1 X35.5448 Y-58.6608
G1 X35.5450 Y-58.6605
G1 X35.4272 Y-58.5318
G1 X35.3116 Y-58.4020
G1 X35.1978 Y-58.2706
G1 X35.0822 Y-58.1343
G1 X34.9687 Y-57.9966
G1 X34.8557 Y-57.8564
G1 X34.7447 Y-57.7157
G1 X34.7449 Y-57.7154
G1 X34.6326 Y-57.5691
G1 X34.5227 Y-57.4223
G1 X34.4134 Y-57.2729
G1 X34.3052 Y-57.1216
G1 X34.1993 Y-56.9692
G1 X34.0926 Y-56.8119
G1 X33.9877 Y-56.6542
G1 X33.8709 Y-56.4736
G1 X33.8712 Y-56.4736
G1 X33.7538 Y-56.2872
G1 X33.6393 Y-56.1000
G1 X33.5267 Y-55.9115
G1 X33.5270 Y-55.9115
G1 X33.4145 Y-55.7177
G1 X33.3042 Y-55.5231
G1 X33.1963 Y-55.3265
G1 X33.1960 Y-55.3265
G1 X33.0901 Y-55.1292
G1 X33.0904 Y-55.1292
G1 X32.9849 Y-54.9272
G1 X32.8818 Y-54.7246
G1 X32.7810 Y-54.5208
G1 X32.6822 Y-54.3154
G1 X32.5854 Y-54.1086
G1 X32.4909 Y-53.9016
G1 X32.4912 Y-53.9016
G1 X32.3977 Y-53.6910
G1 X32.3070 Y-53.4810
G1 X32.2191 Y-53.2702
G1 X32.1338 Y-53.0601
G1 X32.0497 Y-52.8465
G1 X31.9684 Y-52.6334
G1 X31.8897 Y-52.4205
G1 X31.8135 Y-52.2072
G1 X31.7398 Y-51.9938
G1 X31.6690 Y-51.7809
G1 X31.6006 Y-51.5678
G1 X31.5351 Y-51.3550
G1 X31.4724 Y-51.1426
G1 X31.4127 Y-50.9311
G1 X31.3558 Y-50.7200
G1 X31.3017 Y-50.5099
G1 X31.2509 Y-50.3009
G1 X31.2029 Y-50.0941
G1 X31.2031 Y-50.0941
G1 X31.1686 Y-49.9372
G1 X31.1361 Y-49.7837
G1 X31.1358 Y-49.7837
G1 X31.1046 Y-49.6316
G1 X31.0751 Y-49.4817
G1 X31.0472 Y-49.3334
G1 X31.0208 Y-49.1866
G1 X30.9959 Y-49.0410
G1 X30.9725 Y-48.8968
G1 X30.9507 Y-48.7533
G1 X30.9303 Y-48.6105
G1 X30.9301 Y-48.6105
G1 X30.9110 Y-48.4680
G1 X30.8938 Y-48.3265
G1 X30.8778 Y-48.1846
G1 X30.8775 Y-48.1846
G1 X30.8628 Y-48.0428
G1 X30.8498 Y-47.9016
G1 X30.8376 Y-47.7589
G1 X30.8275 Y-47.6166
G1 X30.8181 Y-47.4746
G1 X30.8183 Y-47.4746
G1 X30.8107 Y-47.3288
G1 X30.8041 Y-47.1830
G1 X30.7990 Y-47.0367
G1 X30.7950 Y-46.8881
G1 X30.7924 Y-46.7401
G1 X30.7927 Y-46.7401
G1 X30.7917 Y-46.5882
G1 X30.7917 Y-46.4345
G1 X30.7929 Y-46.2775
G1 X30.7927 Y-46.2775
G1 X30.7952 Y-46.1203
G1 X30.7990 Y-45.9593
G1 X30.8039 Y-45.7959
G1 X30.8102 Y-45.6293
G1 X30.8176 Y-45.4599
G1 X30.8262 Y-45.2874
G1 X30.8369 Y-45.0992
G1 X30.8366 Y-45.0992
G1 X30.8483 Y-44.9146
G1 X30.8615 Y-44.7302
G1 X30.8760 Y-44.5463
G1 X30.8917 Y-44.3662
G1 X30.9090 Y-44.1861
G1 X30.9270 Y-44.0075
G1 X30.9466 Y-43.8305
G1 X30.9679 Y-43.6545
G1 X30.9900 Y-43.4802
G1 X31.0137 Y-43.3070
G1 X31.0139 Y-43.3070
G1 X31.0385 Y-43.1356
G1 X31.0388 Y-43.1340
G1 X31.0647 Y-42.9656
G1 X31.0924 Y-42.7967
G1 X31.1211 Y-42.6293
G1 X31.1511 Y-42.4637
G1 X31.1826 Y-42.2991
G1 X31.2153 Y-42.1363
G1 X31.2494 Y-41.9748
G1 X31.2847 Y-41.8145
G1 X31.3210 Y-41.6560
G1 X31.3591 Y-41.4988
G1 X31.3987 Y-41.3415
G1 X31.3985 Y-41.3415
G1 X31.4383 Y-41.1886
G1 X31.4386 Y-41.1886
G1 X31.4808 Y-41.0342
G1 X31.4805 Y-41.0342
G1 X31.5232 Y-40.8843
G1 X31.5679 Y-40.7342
G1 X31.6133 Y-40.5856
G1 X31.6601 Y-40.4388
G1 X31.7083 Y-40.2933
G1 X31.7584 Y-40.1475
G1 X31.7581 Y-40.1475
G1 X31.8084 Y-40.0063
G1 X31.8605 Y-39.8650
G1 X31.9143 Y-39.7236
G1 X31.9141 Y-39.7236
G1 X31.9679 Y-39.5869
G1 X31.9682 Y-39.5869
G1 X32.0238 Y-39.4503
G1 X32.0812 Y-39.3146
G1 X32.1401 Y-39.1790
G1 X32.1988 Y-39.0484
G1 X32.2598 Y-38.9176
G1 X32.3220 Y-38.7881
G1 X32.3853 Y-38.6603
G1 X32.4498 Y-38.5338
G1 X32.5161 Y-38.4086
G1 X32.5831 Y-38.2852
G1 X32.6514 Y-38.1632
G1 X32.7210 Y-38.0429
G1 X32.7922 Y-37.9235
G1 X32.8643 Y-37.8061
G1 X32.9380 Y-37.6898
G1 X33.0124 Y-37.5755
G1 X33.0896 Y-37.4607
G1 X33.0893 Y-37.4607
G1 X33.1658 Y-37.3504
G1 X33.2440 Y-37.2405
G1 X33.3238 Y-37.1318
G1 X33.4048 Y-37.0248
G1 X33.4871 Y-36.9192
G1 X33.5704 Y-36.8150
G1 X33.6553 Y-36.7124
G1 X33.7411 Y-36.6113
G1 X33.7414 Y-36.6113
G1 X33.8300 Y-36.5100
G1 X33.9169 Y-36.4137
G1 X34.0065 Y-36.3169
G1 X34.0977 Y-36.2214
G1 X34.1950 Y-36.1224
G1 X34.2913 Y-36.0261
G1 X34.3835 Y-35.9359
G1 X34.4752 Y-35.8485
G1 X34.5676 Y-35.7627
G1 X34.6565 Y-35.6824
G1 X34.7464 Y-35.6034
G1 X34.8386 Y-35.5249
G1 X34.9275 Y-35.4513
G1 X35.0202 Y-35.3774
G1 X35.1135 Y-35.3047
G1 X35.2090 Y-35.2328
G1 X35.3085 Y-35.1602
G1 X35.4076 Y-35.0898
G1 X35.5112 Y-35.0182
G1 X35.5128 Y-35.0172
G1 X35.6199 Y-34.9451
G1 X35.7739 Y-34.8447
G1 X35.9324 Y-34.7464
G1 X36.0954 Y-34.6499
G1 X36.2547 Y-34.5600
G1 X36.4178 Y-34.4724
G1 X36.5844 Y-34.3873
G1 X36.7457 Y-34.3090
G1 X36.9100 Y-34.2336
G1 X37.0766 Y-34.1615
G1 X37.2364 Y-34.0965
G1 X37.3977 Y-34.0352
G1 X37.5610 Y-33.9776
G1 X37.5610 Y-33.9773
G1 X37.7165 Y-33.9268
G1 X37.8699 Y-33.8813
G1 X37.8699 Y-33.8816
G1 X38.0258 Y-33.8399
G1 X38.1691 Y-33.8064
G1 X38.2529 Y-33.7909
G1 X38.3443 Y-33.7787
G1 X38.4597 Y-33.7670
G1 X38.5790 Y-33.7579
G1 X38.7144 Y-33.7503
G1 X38.8536 Y-33.7449
G1 X38.9961 Y-33.7416
G1 X38.9961 Y-33.7419
G1 X39.1447 Y-33.7409
G1 X39.2941 Y-33.7419
G1 X39.2941 Y-33.7416
G1 X39.4383 Y-33.7447
G1 X39.5813 Y-33.7500
G1 X39.7210 Y-33.7574
G1 X39.8470 Y-33.7665
G1 X39.9674 Y-33.7782
G1 X40.0682 Y-33.7906
G1 X40.1643 Y-33.8066
G1 X40.2953 Y-33.8325
G1 X40.3614 Y-33.8463
G1 X40.4269 Y-33.8605
G1 X40.4924 Y-33.8752
G1 X40.5587 Y-33.8907
G1 X40.6890 Y-33.9227
G1 X40.7571 Y-33.9405
G1 X40.8925 Y-33.9776
G1 X40.8925 Y-33.9778
G1 X41.0380 Y-34.0205
G1 X41.1112 Y-34.0429
G1 X41.1876 Y-34.0667
G1 X41.3499 Y-34.1193
G1 X41.5262 Y-34.1787
G1 X41.7154 Y-34.2445
G1 X41.7154 Y-34.2443
G1 X41.9212 Y-34.3177
G1 X42.2638 Y-34.4434
G1 X42.6563 Y-34.5902
G1 X43.3565 Y-34.8559
G1 X43.4708 Y-34.8988
G1 X43.5790 Y-34.9387
G1 X43.7774 Y-35.0106
G1 X43.8706 Y-35.0436
G1 X44.0456 Y-35.1036
G1 X44.1310 Y-35.1318
G1 X44.2973 Y-35.1846
G1 X44.4655 Y-35.2354
G1 X44.6425 Y-35.2869
G1 X44.8450 Y-35.3423
G1 X45.0492 Y-35.3949
G1 X45.2476 Y-35.4429
G1 X45.4322 Y-35.4843
G1 X45.5958 Y-35.5181
G1 X45.7322 Y-35.5417
G1 X45.8219 Y-35.5526
G1 X45.8488 Y-35.5534
G1 X45.8912 Y-35.5509
G1 X45.9186 Y-35.5468
G1 X45.9445 Y-35.5376
G1 X45.9684 Y-35.5239
G1 X45.9895 Y-35.5062
G1 X46.0070 Y-35.4848
G1 X46.0200 Y-35.4604
G1 X46.0286 Y-35.4343
G1 X46.0324 Y-35.4002
G1 X46.0319 Y-35.3195
G1 X46.0281 Y-35.2872
G1 X45.9877 Y-35.1099
G1 X45.9489 Y-34.9682
G1 X45.9092 Y-34.8183
G1 X45.8686 Y-34.6598
G1 X45.8274 Y-34.4940
G1 X45.7860 Y-34.3223
G1 X45.7446 Y-34.1457
G1 X45.7037 Y-33.9664
G1 X45.6631 Y-33.7833
G1 X45.6232 Y-33.6004
G1 X45.5844 Y-33.4167
G1 X45.5841 Y-33.4167
G1 X45.5468 Y-33.2349
G1 X45.5112 Y-33.0561
G1 X45.4774 Y-32.8808
G1 X45.4459 Y-32.7111
G1 X45.4457 Y-32.7111
G1 X45.4165 Y-32.5476
G1 X45.3901 Y-32.3921
G1 X45.3677 Y-32.2542
G1 X45.3459 Y-32.1178
G1 X45.3461 Y-32.1178
G1 X45.3250 Y-31.9806
G1 X45.3248 Y-31.9806
G1 X45.3050 Y-31.8463
G1 X45.3052 Y-31.8463
G1 X45.2859 Y-31.7109
G1 X45.2674 Y-31.5770
G1 X45.2501 Y-31.4444
G1 X45.2333 Y-31.3124
G1 X45.2173 Y-31.1821
G1 X45.2176 Y-31.1821
G1 X45.2023 Y-31.0510
G1 X45.1879 Y-30.9215
G1 X45.1744 Y-30.7937
G1 X45.1747 Y-30.7937
G1 X45.1620 Y-30.6652
G1 X45.1394 Y-30.4129
G1 X45.1292 Y-30.2867
G1 X45.1198 Y-30.1620
G1 X45.1112 Y-30.0380
G1 X45.1035 Y-29.9161
G1 X45.1038 Y-29.9161
G1 X45.0969 Y-29.7929
G1 X45.0908 Y-29.6715
G1 X45.0855 Y-29.5506
G1 X45.0812 Y-29.4310
G1 X45.0776 Y-29.3119
G1 X45.0748 Y-29.1932
G1 X45.0731 Y-29.0769
G1 X45.0733 Y-29.0769
G1 X45.0723 Y-28.9590
G1 X45.0720 Y-28.8437
G1 X45.0726 Y-28.7279
G1 X45.0738 Y-28.6121
G1 X45.0736 Y-28.6121
G1 X45.0759 Y-28.4996
G1 X45.0789 Y-28.3865
G1 X45.0830 Y-28.2735
G1 X45.0875 Y-28.1617
G1 X45.0931 Y-28.0510
G1 X45.0997 Y-27.9392
G1 X45.0995 Y-27.9392
G1 X45.1066 Y-27.8303
G1 X45.1147 Y-27.7213
G1 X45.1236 Y-27.6116
G1 X45.1234 Y-27.6116
G1 X45.1328 Y-27.5052
G1 X45.1330 Y-27.5052
G1 X45.1437 Y-27.3967
G1 X45.1434 Y-27.3967
G1 X45.1546 Y-27.2913
G1 X45.1548 Y-27.2913
G1 X45.1670 Y-27.1841
G1 X45.1668 Y-27.1841
G1 X45.1795 Y-27.0802
G1 X45.1932 Y-26.9756
G1 X45.1935 Y-26.9756
G1 X45.2079 Y-26.8712
G1 X45.2232 Y-26.7683
G1 X45.2394 Y-26.6654
G1 X45.2565 Y-26.5633
G1 X45.2567 Y-26.5633
G1 X45.2745 Y-26.4620
G1 X45.2933 Y-26.3606
G1 X45.3126 Y-26.2606
G1 X45.3332 Y-26.1595
G1 X45.3329 Y-26.1595
G1 X45.3540 Y-26.0612
G1 X45.3542 Y-26.0612
G1 X45.3758 Y-25.9629
G1 X45.3987 Y-25.8648
G1 X45.4223 Y-25.7675
G1 X45.4472 Y-25.6690
G1 X45.4470 Y-25.6690
G1 X45.4721 Y-25.5740
G1 X45.4983 Y-25.4780
G1 X45.5249 Y-25.3827
G1 X45.5531 Y-25.2865
G1 X45.5813 Y-25.1932
G1 X45.6103 Y-25.1005
G1 X45.6613 Y-24.9453
G1 X45.7116 Y-24.8039
G1 X45.7637 Y-24.6667
G1 X45.8170 Y-24.5374
G1 X45.8709 Y-24.4160
G1 X45.9278 Y-24.2981
G1 X45.9829 Y-24.1927
G1 X46.0355 Y-24.1013
G1 X46.0924 Y-24.0109
G1 X46.1482 Y-23.9311
G1 X46.2011 Y-23.8636
G1 X46.2547 Y-23.8036
G1 X46.3052 Y-23.7548
G1 X46.3558 Y-23.7137
G1 X46.4010 Y-23.6840
G1 X46.4406 Y-23.6642
G1 X46.5414 Y-23.6352
G1 X46.6519 Y-23.6266
G1 X46.7573 Y-23.6375
G1 X46.8488 Y-23.6672
G1 X46.9163 Y-23.7081
G1 X46.9948 Y-23.7741
G1 X47.0809 Y-23.8651
G1 X47.1673 Y-23.9751
G1 X47.2572 Y-24.1084
G1 X47.3415 Y-24.2532
G1 X47.4228 Y-24.4142
G1 X47.5013 Y-24.5928
G1 X47.5506 Y-24.7211
G1 X47.6026 Y-24.8702
G1 X47.6565 Y-25.0345
G1 X47.7081 Y-25.2026
G1 X47.7083 Y-25.2026
G1 X47.7523 Y-25.3556
G1 X47.7871 Y-25.4886
G1 X47.8099 Y-25.5915
G1 X47.8152 Y-25.6342
G1 X47.8132 Y-25.6537
G1 X47.8028 Y-25.7081
G1 X47.7822 Y-25.7983
G1 X47.7825 Y-25.7983
G1 X47.7566 Y-25.9027
G1 X47.7238 Y-26.0266
G1 X47.6862 Y-26.1643
G1 X47.6865 Y-26.1643
G1 X47.6458 Y-26.3075
G1 X47.5110 Y-26.7642
G1 X47.4680 Y-26.9113
G1 X47.4287 Y-27.0490
G1 X47.3934 Y-27.1739
G1 X47.3636 Y-27.2814
G1 X47.3398 Y-27.3695
G1 X47.3238 Y-27.4330
G1 X47.2958 Y-27.5554
G1 X47.2691 Y-27.6786
G1 X47.2443 Y-27.8028
G1 X47.2206 Y-27.9276
G1 X47.1988 Y-28.0533
G1 X47.1785 Y-28.1798
G1 X47.1597 Y-28.3070
G1 X47.1424 Y-28.4348
G1 X47.1267 Y-28.5636
G1 X47.1127 Y-28.6926
G1 X47.1002 Y-28.8224
G1 X47.0891 Y-28.9527
G1 X47.0797 Y-29.0838
G1 X47.0715 Y-29.2156
G1 X47.0654 Y-29.3474
G1 X47.0606 Y-29.4803
G1 X47.0576 Y-29.6131
G1 X47.0555 Y-29.7470
G1 X47.0555 Y-29.8806
G1 X47.0571 Y-30.0152
G1 X47.0601 Y-30.1498
G1 X47.0647 Y-30.2847
G1 X47.0705 Y-30.4203
G1 X47.0784 Y-30.5557
G1 X47.0875 Y-30.6918
G1 X47.0985 Y-30.8277
G1 X47.1109 Y-30.9644
G1 X47.1249 Y-31.1005
G1 X47.1404 Y-31.2374
G1 X47.1574 Y-31.3743
G1 X47.1762 Y-31.5112
G1 X47.1962 Y-31.6466
G1 X47.2029 Y-31.6733
G1 X47.2194 Y-31.7071
G1 X47.3337 Y-31.8808
G1 X47.3507 Y-31.9021
G1 X47.3718 Y-31.9202
G1 X47.3954 Y-31.9341
G1 X47.4213 Y-31.9435
G1 X47.4487 Y-31.9479
; Retract
G1 Z2.5400 F2540

; Return to 0,0
G0 X0 Y0 F2540
M2
